source_page,source_file,year,month,flow,commodity_original,commodity_normalized,value,source_value,source_unit
https://www.nso.gov.vn/en/data-and-statistics/2019/11/preliminary-exports-and-imports-in-2015/,https://www.nso.gov.vn/wp-content/uploads/2019/11/E1-2015.xls,2015,1,export,"Fibres, not spun",fibres_not_spun,208862957.0,208862.957,1000 USD
https://www.nso.gov.vn/en/data-and-statistics/2019/11/preliminary-exports-and-imports-in-2015/,https://www.nso.gov.vn/wp-content/uploads/2019/11/E1-2015.xls,2015,1,export,Pieces of cloth and other technical cloths,technical_cloths,41563336.0,41563.336,1000 USD
https://www.nso.gov.vn/en/data-and-statistics/2019/11/preliminary-exports-and-imports-in-2015/,https://www.nso.gov.vn/wp-content/uploads/2019/11/E1-2015.xls,2015,1,export,"Auxiliary materials for textile, garment, leather, footwear",textile_garment_leather_footwear_materials_auxiliaries,108878412.0,108878.412,1000 USD
https://www.nso.gov.vn/en/data-and-statistics/2019/11/preliminary-exports-and-imports-in-2015/,https://www.nso.gov.vn/wp-content/uploads/2019/11/E1-2015.xls,2015,1,export,"Textile, sewing products",textiles_and_garments_or_sewing_products,1918161993.0,1918161.993,1000 USD
https://www.nso.gov.vn/en/data-and-statistics/2019/11/preliminary-exports-and-imports-in-2015/,https://www.nso.gov.vn/wp-content/uploads/2019/11/E2-2015.xls,2015,1,import,Cotton,cotton,130366368.0,130366.368,1000 USD
https://www.nso.gov.vn/en/data-and-statistics/2019/11/preliminary-exports-and-imports-in-2015/,https://www.nso.gov.vn/wp-content/uploads/2019/11/E2-2015.xls,2015,1,import,Textile fibrics,fabrics,779789579.0,779789.579,1000 USD
https://www.nso.gov.vn/en/data-and-statistics/2019/11/preliminary-exports-and-imports-in-2015/,https://www.nso.gov.vn/wp-content/uploads/2019/11/E2-2015.xls,2015,1,import,"Fibres, not spun",fibres_not_spun,134769812.0,134769.812,1000 USD
https://www.nso.gov.vn/en/data-and-statistics/2019/11/preliminary-exports-and-imports-in-2015/,https://www.nso.gov.vn/wp-content/uploads/2019/11/E2-2015.xls,2015,1,import,"Auxiliary materials for textile, garment, leather, footwear",textile_garment_leather_footwear_materials_auxiliaries,370869372.0,370869.372,1000 USD
https://www.nso.gov.vn/en/data-and-statistics/2019/11/preliminary-exports-and-imports-in-2015/,https://www.nso.gov.vn/wp-content/uploads/2019/11/E1-2015.xls,2015,2,export,"Fibres, not spun",fibres_not_spun,138964852.0,138964.852,1000 USD
https://www.nso.gov.vn/en/data-and-statistics/2019/11/preliminary-exports-and-imports-in-2015/,https://www.nso.gov.vn/wp-content/uploads/2019/11/E1-2015.xls,2015,2,export,Pieces of cloth and other technical cloths,technical_cloths,32373287.0,32373.287,1000 USD
https://www.nso.gov.vn/en/data-and-statistics/2019/11/preliminary-exports-and-imports-in-2015/,https://www.nso.gov.vn/wp-content/uploads/2019/11/E1-2015.xls,2015,2,export,"Auxiliary materials for textile, garment, leather, footwear",textile_garment_leather_footwear_materials_auxiliaries,68497252.0,68497.252,1000 USD
https://www.nso.gov.vn/en/data-and-statistics/2019/11/preliminary-exports-and-imports-in-2015/,https://www.nso.gov.vn/wp-content/uploads/2019/11/E1-2015.xls,2015,2,export,"Textile, sewing products",textiles_and_garments_or_sewing_products,1341293726.0,1341293.726,1000 USD
https://www.nso.gov.vn/en/data-and-statistics/2019/11/preliminary-exports-and-imports-in-2015/,https://www.nso.gov.vn/wp-content/uploads/2019/11/E2-2015.xls,2015,2,import,Cotton,cotton,80506951.0,80506.951,1000 USD
https://www.nso.gov.vn/en/data-and-statistics/2019/11/preliminary-exports-and-imports-in-2015/,https://www.nso.gov.vn/wp-content/uploads/2019/11/E2-2015.xls,2015,2,import,Textile fibrics,fabrics,564657426.0,564657.426,1000 USD
https://www.nso.gov.vn/en/data-and-statistics/2019/11/preliminary-exports-and-imports-in-2015/,https://www.nso.gov.vn/wp-content/uploads/2019/11/E2-2015.xls,2015,2,import,"Fibres, not spun",fibres_not_spun,87671197.0,87671.197,1000 USD
https://www.nso.gov.vn/en/data-and-statistics/2019/11/preliminary-exports-and-imports-in-2015/,https://www.nso.gov.vn/wp-content/uploads/2019/11/E2-2015.xls,2015,2,import,"Auxiliary materials for textile, garment, leather, footwear",textile_garment_leather_footwear_materials_auxiliaries,288089995.0,288089.995,1000 USD
https://www.nso.gov.vn/en/data-and-statistics/2019/11/preliminary-exports-and-imports-in-2015/,https://www.nso.gov.vn/wp-content/uploads/2019/11/E1-2015.xls,2015,3,export,"Fibres, not spun",fibres_not_spun,239182704.0,239182.704,1000 USD
https://www.nso.gov.vn/en/data-and-statistics/2019/11/preliminary-exports-and-imports-in-2015/,https://www.nso.gov.vn/wp-content/uploads/2019/11/E1-2015.xls,2015,3,export,Pieces of cloth and other technical cloths,technical_cloths,39442389.0,39442.389,1000 USD
https://www.nso.gov.vn/en/data-and-statistics/2019/11/preliminary-exports-and-imports-in-2015/,https://www.nso.gov.vn/wp-content/uploads/2019/11/E1-2015.xls,2015,3,export,"Auxiliary materials for textile, garment, leather, footwear",textile_garment_leather_footwear_materials_auxiliaries,122316912.0,122316.912,1000 USD
https://www.nso.gov.vn/en/data-and-statistics/2019/11/preliminary-exports-and-imports-in-2015/,https://www.nso.gov.vn/wp-content/uploads/2019/11/E1-2015.xls,2015,3,export,"Textile, sewing products",textiles_and_garments_or_sewing_products,1627633068.0,1627633.068,1000 USD
https://www.nso.gov.vn/en/data-and-statistics/2019/11/preliminary-exports-and-imports-in-2015/,https://www.nso.gov.vn/wp-content/uploads/2019/11/E2-2015.xls,2015,3,import,Cotton,cotton,175477350.0,175477.35,1000 USD
https://www.nso.gov.vn/en/data-and-statistics/2019/11/preliminary-exports-and-imports-in-2015/,https://www.nso.gov.vn/wp-content/uploads/2019/11/E2-2015.xls,2015,3,import,Textile fibrics,fabrics,748064209.0,748064.209,1000 USD
https://www.nso.gov.vn/en/data-and-statistics/2019/11/preliminary-exports-and-imports-in-2015/,https://www.nso.gov.vn/wp-content/uploads/2019/11/E2-2015.xls,2015,3,import,"Fibres, not spun",fibres_not_spun,136267559.0,136267.559,1000 USD
https://www.nso.gov.vn/en/data-and-statistics/2019/11/preliminary-exports-and-imports-in-2015/,https://www.nso.gov.vn/wp-content/uploads/2019/11/E2-2015.xls,2015,3,import,"Auxiliary materials for textile, garment, leather, footwear",textile_garment_leather_footwear_materials_auxiliaries,432360411.0,432360.411,1000 USD
https://www.nso.gov.vn/en/data-and-statistics/2019/11/preliminary-exports-and-imports-in-2015/,https://www.nso.gov.vn/wp-content/uploads/2019/11/E1-2015.xls,2015,4,export,"Fibres, not spun",fibres_not_spun,217667677.0,217667.677,1000 USD
https://www.nso.gov.vn/en/data-and-statistics/2019/11/preliminary-exports-and-imports-in-2015/,https://www.nso.gov.vn/wp-content/uploads/2019/11/E1-2015.xls,2015,4,export,Pieces of cloth and other technical cloths,technical_cloths,38143307.0,38143.307,1000 USD
https://www.nso.gov.vn/en/data-and-statistics/2019/11/preliminary-exports-and-imports-in-2015/,https://www.nso.gov.vn/wp-content/uploads/2019/11/E1-2015.xls,2015,4,export,"Auxiliary materials for textile, garment, leather, footwear",textile_garment_leather_footwear_materials_auxiliaries,122067082.0,122067.082,1000 USD
https://www.nso.gov.vn/en/data-and-statistics/2019/11/preliminary-exports-and-imports-in-2015/,https://www.nso.gov.vn/wp-content/uploads/2019/11/E1-2015.xls,2015,4,export,"Textile, sewing products",textiles_and_garments_or_sewing_products,1636127537.0,1636127.537,1000 USD
https://www.nso.gov.vn/en/data-and-statistics/2019/11/preliminary-exports-and-imports-in-2015/,https://www.nso.gov.vn/wp-content/uploads/2019/11/E2-2015.xls,2015,4,import,Cotton,cotton,161808255.0,161808.255,1000 USD
https://www.nso.gov.vn/en/data-and-statistics/2019/11/preliminary-exports-and-imports-in-2015/,https://www.nso.gov.vn/wp-content/uploads/2019/11/E2-2015.xls,2015,4,import,Textile fibrics,fabrics,881249800.0,881249.8,1000 USD
https://www.nso.gov.vn/en/data-and-statistics/2019/11/preliminary-exports-and-imports-in-2015/,https://www.nso.gov.vn/wp-content/uploads/2019/11/E2-2015.xls,2015,4,import,"Fibres, not spun",fibres_not_spun,129093735.0,129093.735,1000 USD
https://www.nso.gov.vn/en/data-and-statistics/2019/11/preliminary-exports-and-imports-in-2015/,https://www.nso.gov.vn/wp-content/uploads/2019/11/E2-2015.xls,2015,4,import,"Auxiliary materials for textile, garment, leather, footwear",textile_garment_leather_footwear_materials_auxiliaries,450533450.0,450533.45,1000 USD
https://www.nso.gov.vn/en/data-and-statistics/2019/11/preliminary-exports-and-imports-in-2015/,https://www.nso.gov.vn/wp-content/uploads/2019/11/E1-2015.xls,2015,5,export,"Fibres, not spun",fibres_not_spun,236309839.0,236309.839,1000 USD
https://www.nso.gov.vn/en/data-and-statistics/2019/11/preliminary-exports-and-imports-in-2015/,https://www.nso.gov.vn/wp-content/uploads/2019/11/E1-2015.xls,2015,5,export,Pieces of cloth and other technical cloths,technical_cloths,38739545.0,38739.545,1000 USD
https://www.nso.gov.vn/en/data-and-statistics/2019/11/preliminary-exports-and-imports-in-2015/,https://www.nso.gov.vn/wp-content/uploads/2019/11/E1-2015.xls,2015,5,export,"Auxiliary materials for textile, garment, leather, footwear",textile_garment_leather_footwear_materials_auxiliaries,119275296.0,119275.296,1000 USD
https://www.nso.gov.vn/en/data-and-statistics/2019/11/preliminary-exports-and-imports-in-2015/,https://www.nso.gov.vn/wp-content/uploads/2019/11/E1-2015.xls,2015,5,export,"Textile, sewing products",textiles_and_garments_or_sewing_products,1709194979.0,1709194.979,1000 USD
https://www.nso.gov.vn/en/data-and-statistics/2019/11/preliminary-exports-and-imports-in-2015/,https://www.nso.gov.vn/wp-content/uploads/2019/11/E2-2015.xls,2015,5,import,Cotton,cotton,158654352.0,158654.352,1000 USD
https://www.nso.gov.vn/en/data-and-statistics/2019/11/preliminary-exports-and-imports-in-2015/,https://www.nso.gov.vn/wp-content/uploads/2019/11/E2-2015.xls,2015,5,import,Textile fibrics,fabrics,1109030143.0,1109030.143,1000 USD
https://www.nso.gov.vn/en/data-and-statistics/2019/11/preliminary-exports-and-imports-in-2015/,https://www.nso.gov.vn/wp-content/uploads/2019/11/E2-2015.xls,2015,5,import,"Fibres, not spun",fibres_not_spun,135265825.0,135265.825,1000 USD
https://www.nso.gov.vn/en/data-and-statistics/2019/11/preliminary-exports-and-imports-in-2015/,https://www.nso.gov.vn/wp-content/uploads/2019/11/E2-2015.xls,2015,5,import,"Auxiliary materials for textile, garment, leather, footwear",textile_garment_leather_footwear_materials_auxiliaries,529413929.0,529413.929,1000 USD
https://www.nso.gov.vn/en/data-and-statistics/2019/11/preliminary-exports-and-imports-in-2015/,https://www.nso.gov.vn/wp-content/uploads/2019/11/E1-2015.xls,2015,6,export,"Fibres, not spun",fibres_not_spun,223920700.0,223920.7,1000 USD
https://www.nso.gov.vn/en/data-and-statistics/2019/11/preliminary-exports-and-imports-in-2015/,https://www.nso.gov.vn/wp-content/uploads/2019/11/E1-2015.xls,2015,6,export,Pieces of cloth and other technical cloths,technical_cloths,39684520.0,39684.52,1000 USD
https://www.nso.gov.vn/en/data-and-statistics/2019/11/preliminary-exports-and-imports-in-2015/,https://www.nso.gov.vn/wp-content/uploads/2019/11/E1-2015.xls,2015,6,export,"Auxiliary materials for textile, garment, leather, footwear",textile_garment_leather_footwear_materials_auxiliaries,123162132.0,123162.132,1000 USD
https://www.nso.gov.vn/en/data-and-statistics/2019/11/preliminary-exports-and-imports-in-2015/,https://www.nso.gov.vn/wp-content/uploads/2019/11/E1-2015.xls,2015,6,export,"Textile, sewing products",textiles_and_garments_or_sewing_products,2124456287.0,2124456.287,1000 USD
https://www.nso.gov.vn/en/data-and-statistics/2019/11/preliminary-exports-and-imports-in-2015/,https://www.nso.gov.vn/wp-content/uploads/2019/11/E2-2015.xls,2015,6,import,Cotton,cotton,154957891.0,154957.891,1000 USD
https://www.nso.gov.vn/en/data-and-statistics/2019/11/preliminary-exports-and-imports-in-2015/,https://www.nso.gov.vn/wp-content/uploads/2019/11/E2-2015.xls,2015,6,import,Textile fibrics,fabrics,918163368.0,918163.368,1000 USD
https://www.nso.gov.vn/en/data-and-statistics/2019/11/preliminary-exports-and-imports-in-2015/,https://www.nso.gov.vn/wp-content/uploads/2019/11/E2-2015.xls,2015,6,import,"Fibres, not spun",fibres_not_spun,138977268.0,138977.268,1000 USD
https://www.nso.gov.vn/en/data-and-statistics/2019/11/preliminary-exports-and-imports-in-2015/,https://www.nso.gov.vn/wp-content/uploads/2019/11/E2-2015.xls,2015,6,import,"Auxiliary materials for textile, garment, leather, footwear",textile_garment_leather_footwear_materials_auxiliaries,435899041.0,435899.041,1000 USD
https://www.nso.gov.vn/en/data-and-statistics/2019/11/preliminary-exports-and-imports-in-2015/,https://www.nso.gov.vn/wp-content/uploads/2019/11/E1-2015.xls,2015,7,export,"Fibres, not spun",fibres_not_spun,227865506.0,227865.506,1000 USD
https://www.nso.gov.vn/en/data-and-statistics/2019/11/preliminary-exports-and-imports-in-2015/,https://www.nso.gov.vn/wp-content/uploads/2019/11/E1-2015.xls,2015,7,export,Pieces of cloth and other technical cloths,technical_cloths,39343798.0,39343.798,1000 USD
https://www.nso.gov.vn/en/data-and-statistics/2019/11/preliminary-exports-and-imports-in-2015/,https://www.nso.gov.vn/wp-content/uploads/2019/11/E1-2015.xls,2015,7,export,"Auxiliary materials for textile, garment, leather, footwear",textile_garment_leather_footwear_materials_auxiliaries,126587838.0,126587.838,1000 USD
https://www.nso.gov.vn/en/data-and-statistics/2019/11/preliminary-exports-and-imports-in-2015/,https://www.nso.gov.vn/wp-content/uploads/2019/11/E1-2015.xls,2015,7,export,"Textile, sewing products",textiles_and_garments_or_sewing_products,2393950888.0,2393950.888,1000 USD
https://www.nso.gov.vn/en/data-and-statistics/2019/11/preliminary-exports-and-imports-in-2015/,https://www.nso.gov.vn/wp-content/uploads/2019/11/E2-2015.xls,2015,7,import,Cotton,cotton,140730283.0,140730.283,1000 USD
https://www.nso.gov.vn/en/data-and-statistics/2019/11/preliminary-exports-and-imports-in-2015/,https://www.nso.gov.vn/wp-content/uploads/2019/11/E2-2015.xls,2015,7,import,Textile fibrics,fabrics,910159491.0,910159.491,1000 USD
https://www.nso.gov.vn/en/data-and-statistics/2019/11/preliminary-exports-and-imports-in-2015/,https://www.nso.gov.vn/wp-content/uploads/2019/11/E2-2015.xls,2015,7,import,"Fibres, not spun",fibres_not_spun,133355465.99999999,133355.466,1000 USD
https://www.nso.gov.vn/en/data-and-statistics/2019/11/preliminary-exports-and-imports-in-2015/,https://www.nso.gov.vn/wp-content/uploads/2019/11/E2-2015.xls,2015,7,import,"Auxiliary materials for textile, garment, leather, footwear",textile_garment_leather_footwear_materials_auxiliaries,471156919.0,471156.919,1000 USD
https://www.nso.gov.vn/en/data-and-statistics/2019/11/preliminary-exports-and-imports-in-2015/,https://www.nso.gov.vn/wp-content/uploads/2019/11/E1-2015.xls,2015,8,export,"Fibres, not spun",fibres_not_spun,220728177.0,220728.177,1000 USD
https://www.nso.gov.vn/en/data-and-statistics/2019/11/preliminary-exports-and-imports-in-2015/,https://www.nso.gov.vn/wp-content/uploads/2019/11/E1-2015.xls,2015,8,export,Pieces of cloth and other technical cloths,technical_cloths,36409066.0,36409.066,1000 USD
https://www.nso.gov.vn/en/data-and-statistics/2019/11/preliminary-exports-and-imports-in-2015/,https://www.nso.gov.vn/wp-content/uploads/2019/11/E1-2015.xls,2015,8,export,"Auxiliary materials for textile, garment, leather, footwear",textile_garment_leather_footwear_materials_auxiliaries,124925700.0,124925.7,1000 USD
https://www.nso.gov.vn/en/data-and-statistics/2019/11/preliminary-exports-and-imports-in-2015/,https://www.nso.gov.vn/wp-content/uploads/2019/11/E1-2015.xls,2015,8,export,"Textile, sewing products",textiles_and_garments_or_sewing_products,2291575565.0,2291575.565,1000 USD
https://www.nso.gov.vn/en/data-and-statistics/2019/11/preliminary-exports-and-imports-in-2015/,https://www.nso.gov.vn/wp-content/uploads/2019/11/E2-2015.xls,2015,8,import,Cotton,cotton,145712059.0,145712.059,1000 USD
https://www.nso.gov.vn/en/data-and-statistics/2019/11/preliminary-exports-and-imports-in-2015/,https://www.nso.gov.vn/wp-content/uploads/2019/11/E2-2015.xls,2015,8,import,Textile fibrics,fabrics,775117300.0,775117.3,1000 USD
https://www.nso.gov.vn/en/data-and-statistics/2019/11/preliminary-exports-and-imports-in-2015/,https://www.nso.gov.vn/wp-content/uploads/2019/11/E2-2015.xls,2015,8,import,"Fibres, not spun",fibres_not_spun,124053347.0,124053.347,1000 USD
https://www.nso.gov.vn/en/data-and-statistics/2019/11/preliminary-exports-and-imports-in-2015/,https://www.nso.gov.vn/wp-content/uploads/2019/11/E2-2015.xls,2015,8,import,"Auxiliary materials for textile, garment, leather, footwear",textile_garment_leather_footwear_materials_auxiliaries,404177007.0,404177.007,1000 USD
https://www.nso.gov.vn/en/data-and-statistics/2019/11/preliminary-exports-and-imports-in-2015/,https://www.nso.gov.vn/wp-content/uploads/2019/11/E1-2015.xls,2015,9,export,"Fibres, not spun",fibres_not_spun,207001311.0,207001.311,1000 USD
https://www.nso.gov.vn/en/data-and-statistics/2019/11/preliminary-exports-and-imports-in-2015/,https://www.nso.gov.vn/wp-content/uploads/2019/11/E1-2015.xls,2015,9,export,Pieces of cloth and other technical cloths,technical_cloths,36005323.0,36005.323,1000 USD
https://www.nso.gov.vn/en/data-and-statistics/2019/11/preliminary-exports-and-imports-in-2015/,https://www.nso.gov.vn/wp-content/uploads/2019/11/E1-2015.xls,2015,9,export,"Auxiliary materials for textile, garment, leather, footwear",textile_garment_leather_footwear_materials_auxiliaries,133512032.0,133512.032,1000 USD
https://www.nso.gov.vn/en/data-and-statistics/2019/11/preliminary-exports-and-imports-in-2015/,https://www.nso.gov.vn/wp-content/uploads/2019/11/E1-2015.xls,2015,9,export,"Textile, sewing products",textiles_and_garments_or_sewing_products,2137529407.0000002,2137529.407,1000 USD
https://www.nso.gov.vn/en/data-and-statistics/2019/11/preliminary-exports-and-imports-in-2015/,https://www.nso.gov.vn/wp-content/uploads/2019/11/E2-2015.xls,2015,9,import,Cotton,cotton,166193665.0,166193.665,1000 USD
https://www.nso.gov.vn/en/data-and-statistics/2019/11/preliminary-exports-and-imports-in-2015/,https://www.nso.gov.vn/wp-content/uploads/2019/11/E2-2015.xls,2015,9,import,Textile fibrics,fabrics,827521104.0,827521.104,1000 USD
https://www.nso.gov.vn/en/data-and-statistics/2019/11/preliminary-exports-and-imports-in-2015/,https://www.nso.gov.vn/wp-content/uploads/2019/11/E2-2015.xls,2015,9,import,"Fibres, not spun",fibres_not_spun,123117119.0,123117.119,1000 USD
https://www.nso.gov.vn/en/data-and-statistics/2019/11/preliminary-exports-and-imports-in-2015/,https://www.nso.gov.vn/wp-content/uploads/2019/11/E2-2015.xls,2015,9,import,"Auxiliary materials for textile, garment, leather, footwear",textile_garment_leather_footwear_materials_auxiliaries,404528376.0,404528.376,1000 USD
https://www.nso.gov.vn/en/data-and-statistics/2019/11/preliminary-exports-and-imports-in-2015/,https://www.nso.gov.vn/wp-content/uploads/2019/11/E1-2015.xls,2015,10,export,"Fibres, not spun",fibres_not_spun,207679224.0,207679.224,1000 USD
https://www.nso.gov.vn/en/data-and-statistics/2019/11/preliminary-exports-and-imports-in-2015/,https://www.nso.gov.vn/wp-content/uploads/2019/11/E1-2015.xls,2015,10,export,Pieces of cloth and other technical cloths,technical_cloths,35852169.0,35852.169,1000 USD
https://www.nso.gov.vn/en/data-and-statistics/2019/11/preliminary-exports-and-imports-in-2015/,https://www.nso.gov.vn/wp-content/uploads/2019/11/E1-2015.xls,2015,10,export,"Auxiliary materials for textile, garment, leather, footwear",textile_garment_leather_footwear_materials_auxiliaries,139465716.0,139465.716,1000 USD
https://www.nso.gov.vn/en/data-and-statistics/2019/11/preliminary-exports-and-imports-in-2015/,https://www.nso.gov.vn/wp-content/uploads/2019/11/E1-2015.xls,2015,10,export,"Textile, sewing products",textiles_and_garments_or_sewing_products,1980132028.0,1980132.028,1000 USD
https://www.nso.gov.vn/en/data-and-statistics/2019/11/preliminary-exports-and-imports-in-2015/,https://www.nso.gov.vn/wp-content/uploads/2019/11/E2-2015.xls,2015,10,import,Cotton,cotton,114142523.0,114142.523,1000 USD
https://www.nso.gov.vn/en/data-and-statistics/2019/11/preliminary-exports-and-imports-in-2015/,https://www.nso.gov.vn/wp-content/uploads/2019/11/E2-2015.xls,2015,10,import,Textile fibrics,fabrics,908221423.0,908221.423,1000 USD
https://www.nso.gov.vn/en/data-and-statistics/2019/11/preliminary-exports-and-imports-in-2015/,https://www.nso.gov.vn/wp-content/uploads/2019/11/E2-2015.xls,2015,10,import,"Fibres, not spun",fibres_not_spun,127541967.0,127541.967,1000 USD
https://www.nso.gov.vn/en/data-and-statistics/2019/11/preliminary-exports-and-imports-in-2015/,https://www.nso.gov.vn/wp-content/uploads/2019/11/E2-2015.xls,2015,10,import,"Auxiliary materials for textile, garment, leather, footwear",textile_garment_leather_footwear_materials_auxiliaries,439615398.0,439615.398,1000 USD
https://www.nso.gov.vn/en/data-and-statistics/2019/11/preliminary-exports-and-imports-in-2015/,https://www.nso.gov.vn/wp-content/uploads/2019/11/E1-2015.xls,2015,11,export,"Fibres, not spun",fibres_not_spun,205078444.0,205078.444,1000 USD
https://www.nso.gov.vn/en/data-and-statistics/2019/11/preliminary-exports-and-imports-in-2015/,https://www.nso.gov.vn/wp-content/uploads/2019/11/E1-2015.xls,2015,11,export,Pieces of cloth and other technical cloths,technical_cloths,27805321.0,27805.321,1000 USD
https://www.nso.gov.vn/en/data-and-statistics/2019/11/preliminary-exports-and-imports-in-2015/,https://www.nso.gov.vn/wp-content/uploads/2019/11/E1-2015.xls,2015,11,export,"Auxiliary materials for textile, garment, leather, footwear",textile_garment_leather_footwear_materials_auxiliaries,121719145.0,121719.145,1000 USD
https://www.nso.gov.vn/en/data-and-statistics/2019/11/preliminary-exports-and-imports-in-2015/,https://www.nso.gov.vn/wp-content/uploads/2019/11/E1-2015.xls,2015,11,export,"Textile, sewing products",textiles_and_garments_or_sewing_products,1708744638.0,1708744.638,1000 USD
https://www.nso.gov.vn/en/data-and-statistics/2019/11/preliminary-exports-and-imports-in-2015/,https://www.nso.gov.vn/wp-content/uploads/2019/11/E2-2015.xls,2015,11,import,Cotton,cotton,101513082.0,101513.082,1000 USD
https://www.nso.gov.vn/en/data-and-statistics/2019/11/preliminary-exports-and-imports-in-2015/,https://www.nso.gov.vn/wp-content/uploads/2019/11/E2-2015.xls,2015,11,import,Textile fibrics,fabrics,890343741.0,890343.741,1000 USD
https://www.nso.gov.vn/en/data-and-statistics/2019/11/preliminary-exports-and-imports-in-2015/,https://www.nso.gov.vn/wp-content/uploads/2019/11/E2-2015.xls,2015,11,import,"Fibres, not spun",fibres_not_spun,127212955.0,127212.955,1000 USD
https://www.nso.gov.vn/en/data-and-statistics/2019/11/preliminary-exports-and-imports-in-2015/,https://www.nso.gov.vn/wp-content/uploads/2019/11/E2-2015.xls,2015,11,import,"Auxiliary materials for textile, garment, leather, footwear",textile_garment_leather_footwear_materials_auxiliaries,404882868.0,404882.868,1000 USD
https://www.nso.gov.vn/en/data-and-statistics/2019/11/preliminary-exports-and-imports-in-2015/,https://www.nso.gov.vn/wp-content/uploads/2019/11/E1-2015.xls,2015,12,export,"Fibres, not spun",fibres_not_spun,216134115.0,216134.115,1000 USD
https://www.nso.gov.vn/en/data-and-statistics/2019/11/preliminary-exports-and-imports-in-2015/,https://www.nso.gov.vn/wp-content/uploads/2019/11/E1-2015.xls,2015,12,export,Pieces of cloth and other technical cloths,technical_cloths,30421222.0,30421.222,1000 USD
https://www.nso.gov.vn/en/data-and-statistics/2019/11/preliminary-exports-and-imports-in-2015/,https://www.nso.gov.vn/wp-content/uploads/2019/11/E1-2015.xls,2015,12,export,"Auxiliary materials for textile, garment, leather, footwear",textile_garment_leather_footwear_materials_auxiliaries,117849155.0,117849.155,1000 USD
https://www.nso.gov.vn/en/data-and-statistics/2019/11/preliminary-exports-and-imports-in-2015/,https://www.nso.gov.vn/wp-content/uploads/2019/11/E1-2015.xls,2015,12,export,"Textile, sewing products",textiles_and_garments_or_sewing_products,2206330206.0,2206330.206,1000 USD
https://www.nso.gov.vn/en/data-and-statistics/2019/11/preliminary-exports-and-imports-in-2015/,https://www.nso.gov.vn/wp-content/uploads/2019/11/E2-2015.xls,2015,12,import,Cotton,cotton,100368713.0,100368.713,1000 USD
https://www.nso.gov.vn/en/data-and-statistics/2019/11/preliminary-exports-and-imports-in-2015/,https://www.nso.gov.vn/wp-content/uploads/2019/11/E2-2015.xls,2015,12,import,Textile fibrics,fabrics,885218840.0,885218.84,1000 USD
https://www.nso.gov.vn/en/data-and-statistics/2019/11/preliminary-exports-and-imports-in-2015/,https://www.nso.gov.vn/wp-content/uploads/2019/11/E2-2015.xls,2015,12,import,"Fibres, not spun",fibres_not_spun,128975100.0,128975.1,1000 USD
https://www.nso.gov.vn/en/data-and-statistics/2019/11/preliminary-exports-and-imports-in-2015/,https://www.nso.gov.vn/wp-content/uploads/2019/11/E2-2015.xls,2015,12,import,"Auxiliary materials for textile, garment, leather, footwear",textile_garment_leather_footwear_materials_auxiliaries,375309343.0,375309.343,1000 USD
https://www.nso.gov.vn/en/data-and-statistics/2019/12/exports-and-imports-value-by-months-of-2016/,https://www.nso.gov.vn/wp-content/uploads/2019/12/Exports-by-months-of-2016.xls,2016,1,export,Fibres of all kinds,fibres_all_kinds,196223392.0,196.223392,million USD
https://www.nso.gov.vn/en/data-and-statistics/2019/12/exports-and-imports-value-by-months-of-2016/,https://www.nso.gov.vn/wp-content/uploads/2019/12/Exports-by-months-of-2016.xls,2016,1,export,Tyre cord fabric and other woven fabrics,technical_or_woven_fabrics,40132532.0,40.132532,million USD
https://www.nso.gov.vn/en/data-and-statistics/2019/12/exports-and-imports-value-by-months-of-2016/,https://www.nso.gov.vn/wp-content/uploads/2019/12/Exports-by-months-of-2016.xls,2016,1,export,"Auxiliary materials for textile, garment, footgear",textile_garment_footgear_materials_auxiliaries,105223892.99999999,105.22389299999999,million USD
https://www.nso.gov.vn/en/data-and-statistics/2019/12/exports-and-imports-value-by-months-of-2016/,https://www.nso.gov.vn/wp-content/uploads/2019/12/Exports-by-months-of-2016.xls,2016,1,export,"Textile, sewing products",textiles_and_garments_or_sewing_products,2036969047.0,2036.969047,million USD
https://www.nso.gov.vn/en/data-and-statistics/2019/12/exports-and-imports-value-by-months-of-2016/,https://www.nso.gov.vn/wp-content/uploads/2019/12/Imports-by-months-of-2016.xls,2016,1,import,Cotton,cotton,147851914.0,147.851914,million USD
https://www.nso.gov.vn/en/data-and-statistics/2019/12/exports-and-imports-value-by-months-of-2016/,https://www.nso.gov.vn/wp-content/uploads/2019/12/Imports-by-months-of-2016.xls,2016,1,import,Textile fabrics,fabrics,783863257.0,783.863257,million USD
https://www.nso.gov.vn/en/data-and-statistics/2019/12/exports-and-imports-value-by-months-of-2016/,https://www.nso.gov.vn/wp-content/uploads/2019/12/Imports-by-months-of-2016.xls,2016,1,import,"Fibres, spun",fibres_spun,122099229.99999999,122.09922999999999,million USD
https://www.nso.gov.vn/en/data-and-statistics/2019/12/exports-and-imports-value-by-months-of-2016/,https://www.nso.gov.vn/wp-content/uploads/2019/12/Imports-by-months-of-2016.xls,2016,1,import,"Auxiliary materials for textile, garment, footgear",textile_garment_footgear_materials_auxiliaries,352004843.0,352.004843,million USD
https://www.nso.gov.vn/en/data-and-statistics/2019/12/exports-and-imports-value-by-months-of-2016/,https://www.nso.gov.vn/wp-content/uploads/2019/12/Exports-by-months-of-2016.xls,2016,2,export,Fibres of all kinds,fibres_all_kinds,155641090.0,155.64109,million USD
https://www.nso.gov.vn/en/data-and-statistics/2019/12/exports-and-imports-value-by-months-of-2016/,https://www.nso.gov.vn/wp-content/uploads/2019/12/Exports-by-months-of-2016.xls,2016,2,export,Tyre cord fabric and other woven fabrics,technical_or_woven_fabrics,33096027.999999996,33.096028,million USD
https://www.nso.gov.vn/en/data-and-statistics/2019/12/exports-and-imports-value-by-months-of-2016/,https://www.nso.gov.vn/wp-content/uploads/2019/12/Exports-by-months-of-2016.xls,2016,2,export,"Auxiliary materials for textile, garment, footgear",textile_garment_footgear_materials_auxiliaries,70545481.0,70.545481,million USD
https://www.nso.gov.vn/en/data-and-statistics/2019/12/exports-and-imports-value-by-months-of-2016/,https://www.nso.gov.vn/wp-content/uploads/2019/12/Exports-by-months-of-2016.xls,2016,2,export,"Textile, sewing products",textiles_and_garments_or_sewing_products,1214877109.0,1214.877109,million USD
https://www.nso.gov.vn/en/data-and-statistics/2019/12/exports-and-imports-value-by-months-of-2016/,https://www.nso.gov.vn/wp-content/uploads/2019/12/Imports-by-months-of-2016.xls,2016,2,import,Cotton,cotton,115476948.99999999,115.47694899999999,million USD
https://www.nso.gov.vn/en/data-and-statistics/2019/12/exports-and-imports-value-by-months-of-2016/,https://www.nso.gov.vn/wp-content/uploads/2019/12/Imports-by-months-of-2016.xls,2016,2,import,Textile fabrics,fabrics,523656900.00000006,523.6569000000001,million USD
https://www.nso.gov.vn/en/data-and-statistics/2019/12/exports-and-imports-value-by-months-of-2016/,https://www.nso.gov.vn/wp-content/uploads/2019/12/Imports-by-months-of-2016.xls,2016,2,import,"Fibres, spun",fibres_spun,86792256.99999999,86.79225699999999,million USD
https://www.nso.gov.vn/en/data-and-statistics/2019/12/exports-and-imports-value-by-months-of-2016/,https://www.nso.gov.vn/wp-content/uploads/2019/12/Imports-by-months-of-2016.xls,2016,2,import,"Auxiliary materials for textile, garment, footgear",textile_garment_footgear_materials_auxiliaries,285307604.99999994,285.30760499999997,million USD
https://www.nso.gov.vn/en/data-and-statistics/2019/12/exports-and-imports-value-by-months-of-2016/,https://www.nso.gov.vn/wp-content/uploads/2019/12/Exports-by-months-of-2016.xls,2016,3,export,Fibres of all kinds,fibres_all_kinds,250248417.0,250.248417,million USD
https://www.nso.gov.vn/en/data-and-statistics/2019/12/exports-and-imports-value-by-months-of-2016/,https://www.nso.gov.vn/wp-content/uploads/2019/12/Exports-by-months-of-2016.xls,2016,3,export,Tyre cord fabric and other woven fabrics,technical_or_woven_fabrics,36562625.99999999,36.562625999999995,million USD
https://www.nso.gov.vn/en/data-and-statistics/2019/12/exports-and-imports-value-by-months-of-2016/,https://www.nso.gov.vn/wp-content/uploads/2019/12/Exports-by-months-of-2016.xls,2016,3,export,"Auxiliary materials for textile, garment, footgear",textile_garment_footgear_materials_auxiliaries,140734414.0,140.734414,million USD
https://www.nso.gov.vn/en/data-and-statistics/2019/12/exports-and-imports-value-by-months-of-2016/,https://www.nso.gov.vn/wp-content/uploads/2019/12/Exports-by-months-of-2016.xls,2016,3,export,"Textile, sewing products",textiles_and_garments_or_sewing_products,1846755233.0,1846.755233,million USD
https://www.nso.gov.vn/en/data-and-statistics/2019/12/exports-and-imports-value-by-months-of-2016/,https://www.nso.gov.vn/wp-content/uploads/2019/12/Imports-by-months-of-2016.xls,2016,3,import,Cotton,cotton,143679724.0,143.679724,million USD
https://www.nso.gov.vn/en/data-and-statistics/2019/12/exports-and-imports-value-by-months-of-2016/,https://www.nso.gov.vn/wp-content/uploads/2019/12/Imports-by-months-of-2016.xls,2016,3,import,Textile fabrics,fabrics,827758468.0,827.758468,million USD
https://www.nso.gov.vn/en/data-and-statistics/2019/12/exports-and-imports-value-by-months-of-2016/,https://www.nso.gov.vn/wp-content/uploads/2019/12/Imports-by-months-of-2016.xls,2016,3,import,"Fibres, spun",fibres_spun,132733206.0,132.733206,million USD
https://www.nso.gov.vn/en/data-and-statistics/2019/12/exports-and-imports-value-by-months-of-2016/,https://www.nso.gov.vn/wp-content/uploads/2019/12/Imports-by-months-of-2016.xls,2016,3,import,"Auxiliary materials for textile, garment, footgear",textile_garment_footgear_materials_auxiliaries,474305390.0,474.30539,million USD
https://www.nso.gov.vn/en/data-and-statistics/2019/12/exports-and-imports-value-by-months-of-2016/,https://www.nso.gov.vn/wp-content/uploads/2019/12/Exports-by-months-of-2016.xls,2016,4,export,Fibres of all kinds,fibres_all_kinds,245000000.0,245.0,million USD
https://www.nso.gov.vn/en/data-and-statistics/2019/12/exports-and-imports-value-by-months-of-2016/,https://www.nso.gov.vn/wp-content/uploads/2019/12/Exports-by-months-of-2016.xls,2016,4,export,Tyre cord fabric and other woven fabrics,technical_or_woven_fabrics,34966975.0,34.966975,million USD
https://www.nso.gov.vn/en/data-and-statistics/2019/12/exports-and-imports-value-by-months-of-2016/,https://www.nso.gov.vn/wp-content/uploads/2019/12/Exports-by-months-of-2016.xls,2016,4,export,"Auxiliary materials for textile, garment, footgear",textile_garment_footgear_materials_auxiliaries,145000000.0,145.0,million USD
https://www.nso.gov.vn/en/data-and-statistics/2019/12/exports-and-imports-value-by-months-of-2016/,https://www.nso.gov.vn/wp-content/uploads/2019/12/Exports-by-months-of-2016.xls,2016,4,export,"Textile, sewing products",textiles_and_garments_or_sewing_products,1737833698.0000002,1737.8336980000001,million USD
https://www.nso.gov.vn/en/data-and-statistics/2019/12/exports-and-imports-value-by-months-of-2016/,https://www.nso.gov.vn/wp-content/uploads/2019/12/Imports-by-months-of-2016.xls,2016,4,import,Cotton,cotton,140728385.0,140.728385,million USD
https://www.nso.gov.vn/en/data-and-statistics/2019/12/exports-and-imports-value-by-months-of-2016/,https://www.nso.gov.vn/wp-content/uploads/2019/12/Imports-by-months-of-2016.xls,2016,4,import,Textile fabrics,fabrics,992753345.0,992.753345,million USD
https://www.nso.gov.vn/en/data-and-statistics/2019/12/exports-and-imports-value-by-months-of-2016/,https://www.nso.gov.vn/wp-content/uploads/2019/12/Imports-by-months-of-2016.xls,2016,4,import,"Fibres, spun",fibres_spun,131632396.0,131.632396,million USD
https://www.nso.gov.vn/en/data-and-statistics/2019/12/exports-and-imports-value-by-months-of-2016/,https://www.nso.gov.vn/wp-content/uploads/2019/12/Imports-by-months-of-2016.xls,2016,4,import,"Auxiliary materials for textile, garment, footgear",textile_garment_footgear_materials_auxiliaries,481290835.0,481.290835,million USD
https://www.nso.gov.vn/en/data-and-statistics/2019/12/exports-and-imports-value-by-months-of-2016/,https://www.nso.gov.vn/wp-content/uploads/2019/12/Exports-by-months-of-2016.xls,2016,5,export,Fibres of all kinds,fibres_all_kinds,236779565.0,236.779565,million USD
https://www.nso.gov.vn/en/data-and-statistics/2019/12/exports-and-imports-value-by-months-of-2016/,https://www.nso.gov.vn/wp-content/uploads/2019/12/Exports-by-months-of-2016.xls,2016,5,export,Tyre cord fabric and other woven fabrics,technical_or_woven_fabrics,36867606.0,36.867606,million USD
https://www.nso.gov.vn/en/data-and-statistics/2019/12/exports-and-imports-value-by-months-of-2016/,https://www.nso.gov.vn/wp-content/uploads/2019/12/Exports-by-months-of-2016.xls,2016,5,export,"Auxiliary materials for textile, garment, footgear",textile_garment_footgear_materials_auxiliaries,140000000.0,140.0,million USD
https://www.nso.gov.vn/en/data-and-statistics/2019/12/exports-and-imports-value-by-months-of-2016/,https://www.nso.gov.vn/wp-content/uploads/2019/12/Exports-by-months-of-2016.xls,2016,5,export,"Textile, sewing products",textiles_and_garments_or_sewing_products,1770536232.0000002,1770.5362320000002,million USD
https://www.nso.gov.vn/en/data-and-statistics/2019/12/exports-and-imports-value-by-months-of-2016/,https://www.nso.gov.vn/wp-content/uploads/2019/12/Imports-by-months-of-2016.xls,2016,5,import,Cotton,cotton,132221103.0,132.221103,million USD
https://www.nso.gov.vn/en/data-and-statistics/2019/12/exports-and-imports-value-by-months-of-2016/,https://www.nso.gov.vn/wp-content/uploads/2019/12/Imports-by-months-of-2016.xls,2016,5,import,Textile fabrics,fabrics,1024832964.0,1024.832964,million USD
https://www.nso.gov.vn/en/data-and-statistics/2019/12/exports-and-imports-value-by-months-of-2016/,https://www.nso.gov.vn/wp-content/uploads/2019/12/Imports-by-months-of-2016.xls,2016,5,import,"Fibres, spun",fibres_spun,136753225.99999997,136.75322599999998,million USD
https://www.nso.gov.vn/en/data-and-statistics/2019/12/exports-and-imports-value-by-months-of-2016/,https://www.nso.gov.vn/wp-content/uploads/2019/12/Imports-by-months-of-2016.xls,2016,5,import,"Auxiliary materials for textile, garment, footgear",textile_garment_footgear_materials_auxiliaries,501656944.0,501.656944,million USD
https://www.nso.gov.vn/en/data-and-statistics/2019/12/exports-and-imports-value-by-months-of-2016/,https://www.nso.gov.vn/wp-content/uploads/2019/12/Exports-by-months-of-2016.xls,2016,6,export,Fibres of all kinds,fibres_all_kinds,247777088.0,247.777088,million USD
https://www.nso.gov.vn/en/data-and-statistics/2019/12/exports-and-imports-value-by-months-of-2016/,https://www.nso.gov.vn/wp-content/uploads/2019/12/Exports-by-months-of-2016.xls,2016,6,export,Tyre cord fabric and other woven fabrics,technical_or_woven_fabrics,33247381.000000004,33.247381000000004,million USD
https://www.nso.gov.vn/en/data-and-statistics/2019/12/exports-and-imports-value-by-months-of-2016/,https://www.nso.gov.vn/wp-content/uploads/2019/12/Exports-by-months-of-2016.xls,2016,6,export,"Auxiliary materials for textile, garment, footgear",textile_garment_footgear_materials_auxiliaries,142194372.00000003,142.19437200000002,million USD
https://www.nso.gov.vn/en/data-and-statistics/2019/12/exports-and-imports-value-by-months-of-2016/,https://www.nso.gov.vn/wp-content/uploads/2019/12/Exports-by-months-of-2016.xls,2016,6,export,"Textile, sewing products",textiles_and_garments_or_sewing_products,2224010571.0,2224.010571,million USD
https://www.nso.gov.vn/en/data-and-statistics/2019/12/exports-and-imports-value-by-months-of-2016/,https://www.nso.gov.vn/wp-content/uploads/2019/12/Imports-by-months-of-2016.xls,2016,6,import,Cotton,cotton,116985209.0,116.985209,million USD
https://www.nso.gov.vn/en/data-and-statistics/2019/12/exports-and-imports-value-by-months-of-2016/,https://www.nso.gov.vn/wp-content/uploads/2019/12/Imports-by-months-of-2016.xls,2016,6,import,Textile fabrics,fabrics,909317779.0,909.317779,million USD
https://www.nso.gov.vn/en/data-and-statistics/2019/12/exports-and-imports-value-by-months-of-2016/,https://www.nso.gov.vn/wp-content/uploads/2019/12/Imports-by-months-of-2016.xls,2016,6,import,"Fibres, spun",fibres_spun,144096003.0,144.096003,million USD
https://www.nso.gov.vn/en/data-and-statistics/2019/12/exports-and-imports-value-by-months-of-2016/,https://www.nso.gov.vn/wp-content/uploads/2019/12/Imports-by-months-of-2016.xls,2016,6,import,"Auxiliary materials for textile, garment, footgear",textile_garment_footgear_materials_auxiliaries,414006706.0,414.006706,million USD
https://www.nso.gov.vn/en/data-and-statistics/2019/12/exports-and-imports-value-by-months-of-2016/,https://www.nso.gov.vn/wp-content/uploads/2019/12/Exports-by-months-of-2016.xls,2016,7,export,Fibres of all kinds,fibres_all_kinds,256695449.0,256.695449,million USD
https://www.nso.gov.vn/en/data-and-statistics/2019/12/exports-and-imports-value-by-months-of-2016/,https://www.nso.gov.vn/wp-content/uploads/2019/12/Exports-by-months-of-2016.xls,2016,7,export,Tyre cord fabric and other woven fabrics,technical_or_woven_fabrics,35244992.0,35.244991999999996,million USD
https://www.nso.gov.vn/en/data-and-statistics/2019/12/exports-and-imports-value-by-months-of-2016/,https://www.nso.gov.vn/wp-content/uploads/2019/12/Exports-by-months-of-2016.xls,2016,7,export,"Auxiliary materials for textile, garment, footgear",textile_garment_footgear_materials_auxiliaries,140000000.0,140.0,million USD
https://www.nso.gov.vn/en/data-and-statistics/2019/12/exports-and-imports-value-by-months-of-2016/,https://www.nso.gov.vn/wp-content/uploads/2019/12/Exports-by-months-of-2016.xls,2016,7,export,"Textile, sewing products",textiles_and_garments_or_sewing_products,2302096215.0,2302.096215,million USD
https://www.nso.gov.vn/en/data-and-statistics/2019/12/exports-and-imports-value-by-months-of-2016/,https://www.nso.gov.vn/wp-content/uploads/2019/12/Imports-by-months-of-2016.xls,2016,7,import,Cotton,cotton,138488566.0,138.488566,million USD
https://www.nso.gov.vn/en/data-and-statistics/2019/12/exports-and-imports-value-by-months-of-2016/,https://www.nso.gov.vn/wp-content/uploads/2019/12/Imports-by-months-of-2016.xls,2016,7,import,Textile fabrics,fabrics,896677913.0,896.677913,million USD
https://www.nso.gov.vn/en/data-and-statistics/2019/12/exports-and-imports-value-by-months-of-2016/,https://www.nso.gov.vn/wp-content/uploads/2019/12/Imports-by-months-of-2016.xls,2016,7,import,"Fibres, spun",fibres_spun,138547582.0,138.547582,million USD
https://www.nso.gov.vn/en/data-and-statistics/2019/12/exports-and-imports-value-by-months-of-2016/,https://www.nso.gov.vn/wp-content/uploads/2019/12/Imports-by-months-of-2016.xls,2016,7,import,"Auxiliary materials for textile, garment, footgear",textile_garment_footgear_materials_auxiliaries,411368790.0,411.36879,million USD
https://www.nso.gov.vn/en/data-and-statistics/2019/12/exports-and-imports-value-by-months-of-2016/,https://www.nso.gov.vn/wp-content/uploads/2019/12/Exports-by-months-of-2016.xls,2016,8,export,Fibres of all kinds,fibres_all_kinds,285206298.0,285.206298,million USD
https://www.nso.gov.vn/en/data-and-statistics/2019/12/exports-and-imports-value-by-months-of-2016/,https://www.nso.gov.vn/wp-content/uploads/2019/12/Exports-by-months-of-2016.xls,2016,8,export,Tyre cord fabric and other woven fabrics,technical_or_woven_fabrics,37669711.0,37.669711,million USD
https://www.nso.gov.vn/en/data-and-statistics/2019/12/exports-and-imports-value-by-months-of-2016/,https://www.nso.gov.vn/wp-content/uploads/2019/12/Exports-by-months-of-2016.xls,2016,8,export,"Auxiliary materials for textile, garment, footgear",textile_garment_footgear_materials_auxiliaries,148610943.0,148.610943,million USD
https://www.nso.gov.vn/en/data-and-statistics/2019/12/exports-and-imports-value-by-months-of-2016/,https://www.nso.gov.vn/wp-content/uploads/2019/12/Exports-by-months-of-2016.xls,2016,8,export,"Textile, sewing products",textiles_and_garments_or_sewing_products,2448172270.0,2448.17227,million USD
https://www.nso.gov.vn/en/data-and-statistics/2019/12/exports-and-imports-value-by-months-of-2016/,https://www.nso.gov.vn/wp-content/uploads/2019/12/Imports-by-months-of-2016.xls,2016,8,import,Cotton,cotton,170834742.99999997,170.83474299999997,million USD
https://www.nso.gov.vn/en/data-and-statistics/2019/12/exports-and-imports-value-by-months-of-2016/,https://www.nso.gov.vn/wp-content/uploads/2019/12/Imports-by-months-of-2016.xls,2016,8,import,Textile fabrics,fabrics,870241811.0,870.241811,million USD
https://www.nso.gov.vn/en/data-and-statistics/2019/12/exports-and-imports-value-by-months-of-2016/,https://www.nso.gov.vn/wp-content/uploads/2019/12/Imports-by-months-of-2016.xls,2016,8,import,"Fibres, spun",fibres_spun,153007171.0,153.007171,million USD
https://www.nso.gov.vn/en/data-and-statistics/2019/12/exports-and-imports-value-by-months-of-2016/,https://www.nso.gov.vn/wp-content/uploads/2019/12/Imports-by-months-of-2016.xls,2016,8,import,"Auxiliary materials for textile, garment, footgear",textile_garment_footgear_materials_auxiliaries,428403400.00000006,428.40340000000003,million USD
https://www.nso.gov.vn/en/data-and-statistics/2019/12/exports-and-imports-value-by-months-of-2016/,https://www.nso.gov.vn/wp-content/uploads/2019/12/Exports-by-months-of-2016.xls,2016,9,export,Fibres of all kinds,fibres_all_kinds,261057538.99999997,261.05753899999996,million USD
https://www.nso.gov.vn/en/data-and-statistics/2019/12/exports-and-imports-value-by-months-of-2016/,https://www.nso.gov.vn/wp-content/uploads/2019/12/Exports-by-months-of-2016.xls,2016,9,export,Tyre cord fabric and other woven fabrics,technical_or_woven_fabrics,34691618.99999999,34.691618999999996,million USD
https://www.nso.gov.vn/en/data-and-statistics/2019/12/exports-and-imports-value-by-months-of-2016/,https://www.nso.gov.vn/wp-content/uploads/2019/12/Exports-by-months-of-2016.xls,2016,9,export,"Auxiliary materials for textile, garment, footgear",textile_garment_footgear_materials_auxiliaries,130000000.0,130.0,million USD
https://www.nso.gov.vn/en/data-and-statistics/2019/12/exports-and-imports-value-by-months-of-2016/,https://www.nso.gov.vn/wp-content/uploads/2019/12/Exports-by-months-of-2016.xls,2016,9,export,"Textile, sewing products",textiles_and_garments_or_sewing_products,2148940383.0,2148.940383,million USD
https://www.nso.gov.vn/en/data-and-statistics/2019/12/exports-and-imports-value-by-months-of-2016/,https://www.nso.gov.vn/wp-content/uploads/2019/12/Imports-by-months-of-2016.xls,2016,9,import,Cotton,cotton,127967213.0,127.967213,million USD
https://www.nso.gov.vn/en/data-and-statistics/2019/12/exports-and-imports-value-by-months-of-2016/,https://www.nso.gov.vn/wp-content/uploads/2019/12/Imports-by-months-of-2016.xls,2016,9,import,Textile fabrics,fabrics,842000000.0,842.0,million USD
https://www.nso.gov.vn/en/data-and-statistics/2019/12/exports-and-imports-value-by-months-of-2016/,https://www.nso.gov.vn/wp-content/uploads/2019/12/Imports-by-months-of-2016.xls,2016,9,import,"Fibres, spun",fibres_spun,135000000.0,135.0,million USD
https://www.nso.gov.vn/en/data-and-statistics/2019/12/exports-and-imports-value-by-months-of-2016/,https://www.nso.gov.vn/wp-content/uploads/2019/12/Imports-by-months-of-2016.xls,2016,9,import,"Auxiliary materials for textile, garment, footgear",textile_garment_footgear_materials_auxiliaries,397049797.0,397.049797,million USD
https://www.nso.gov.vn/en/data-and-statistics/2019/12/exports-and-imports-value-by-months-of-2016/,https://www.nso.gov.vn/wp-content/uploads/2019/12/Exports-by-months-of-2016.xls,2016,10,export,Fibres of all kinds,fibres_all_kinds,267837951.99999997,267.837952,million USD
https://www.nso.gov.vn/en/data-and-statistics/2019/12/exports-and-imports-value-by-months-of-2016/,https://www.nso.gov.vn/wp-content/uploads/2019/12/Exports-by-months-of-2016.xls,2016,10,export,Tyre cord fabric and other woven fabrics,technical_or_woven_fabrics,33204400.0,33.2044,million USD
https://www.nso.gov.vn/en/data-and-statistics/2019/12/exports-and-imports-value-by-months-of-2016/,https://www.nso.gov.vn/wp-content/uploads/2019/12/Exports-by-months-of-2016.xls,2016,10,export,"Auxiliary materials for textile, garment, footgear",textile_garment_footgear_materials_auxiliaries,135000000.0,135.0,million USD
https://www.nso.gov.vn/en/data-and-statistics/2019/12/exports-and-imports-value-by-months-of-2016/,https://www.nso.gov.vn/wp-content/uploads/2019/12/Exports-by-months-of-2016.xls,2016,10,export,"Textile, sewing products",textiles_and_garments_or_sewing_products,1922813970.0,1922.81397,million USD
https://www.nso.gov.vn/en/data-and-statistics/2019/12/exports-and-imports-value-by-months-of-2016/,https://www.nso.gov.vn/wp-content/uploads/2019/12/Imports-by-months-of-2016.xls,2016,10,import,Cotton,cotton,149555045.0,149.555045,million USD
https://www.nso.gov.vn/en/data-and-statistics/2019/12/exports-and-imports-value-by-months-of-2016/,https://www.nso.gov.vn/wp-content/uploads/2019/12/Imports-by-months-of-2016.xls,2016,10,import,Textile fabrics,fabrics,946851457.0000001,946.8514570000001,million USD
https://www.nso.gov.vn/en/data-and-statistics/2019/12/exports-and-imports-value-by-months-of-2016/,https://www.nso.gov.vn/wp-content/uploads/2019/12/Imports-by-months-of-2016.xls,2016,10,import,"Fibres, spun",fibres_spun,137075651.00000003,137.07565100000002,million USD
https://www.nso.gov.vn/en/data-and-statistics/2019/12/exports-and-imports-value-by-months-of-2016/,https://www.nso.gov.vn/wp-content/uploads/2019/12/Imports-by-months-of-2016.xls,2016,10,import,"Auxiliary materials for textile, garment, footgear",textile_garment_footgear_materials_auxiliaries,447611070.0,447.61107,million USD
https://www.nso.gov.vn/en/data-and-statistics/2019/12/exports-and-imports-value-by-months-of-2016/,https://www.nso.gov.vn/wp-content/uploads/2019/12/Exports-by-months-of-2016.xls,2016,11,export,Fibres of all kinds,fibres_all_kinds,263636344.0,263.636344,million USD
https://www.nso.gov.vn/en/data-and-statistics/2019/12/exports-and-imports-value-by-months-of-2016/,https://www.nso.gov.vn/wp-content/uploads/2019/12/Exports-by-months-of-2016.xls,2016,11,export,Tyre cord fabric and other woven fabrics,technical_or_woven_fabrics,30135724.0,30.135724,million USD
https://www.nso.gov.vn/en/data-and-statistics/2019/12/exports-and-imports-value-by-months-of-2016/,https://www.nso.gov.vn/wp-content/uploads/2019/12/Exports-by-months-of-2016.xls,2016,11,export,"Auxiliary materials for textile, garment, footgear",textile_garment_footgear_materials_auxiliaries,129000000.0,129.0,million USD
https://www.nso.gov.vn/en/data-and-statistics/2019/12/exports-and-imports-value-by-months-of-2016/,https://www.nso.gov.vn/wp-content/uploads/2019/12/Exports-by-months-of-2016.xls,2016,11,export,"Textile, sewing products",textiles_and_garments_or_sewing_products,1883716555.0,1883.716555,million USD
https://www.nso.gov.vn/en/data-and-statistics/2019/12/exports-and-imports-value-by-months-of-2016/,https://www.nso.gov.vn/wp-content/uploads/2019/12/Imports-by-months-of-2016.xls,2016,11,import,Cotton,cotton,131841185.0,131.841185,million USD
https://www.nso.gov.vn/en/data-and-statistics/2019/12/exports-and-imports-value-by-months-of-2016/,https://www.nso.gov.vn/wp-content/uploads/2019/12/Imports-by-months-of-2016.xls,2016,11,import,Textile fabrics,fabrics,1003641160.0,1003.64116,million USD
https://www.nso.gov.vn/en/data-and-statistics/2019/12/exports-and-imports-value-by-months-of-2016/,https://www.nso.gov.vn/wp-content/uploads/2019/12/Imports-by-months-of-2016.xls,2016,11,import,"Fibres, spun",fibres_spun,146879209.0,146.879209,million USD
https://www.nso.gov.vn/en/data-and-statistics/2019/12/exports-and-imports-value-by-months-of-2016/,https://www.nso.gov.vn/wp-content/uploads/2019/12/Imports-by-months-of-2016.xls,2016,11,import,"Auxiliary materials for textile, garment, footgear",textile_garment_footgear_materials_auxiliaries,444000000.0,444.0,million USD
https://www.nso.gov.vn/en/data-and-statistics/2019/12/exports-and-imports-value-by-months-of-2016/,https://www.nso.gov.vn/wp-content/uploads/2019/12/Exports-by-months-of-2016.xls,2016,12,export,Fibres of all kinds,fibres_all_kinds,272397086.0,272.397086,million USD
https://www.nso.gov.vn/en/data-and-statistics/2019/12/exports-and-imports-value-by-months-of-2016/,https://www.nso.gov.vn/wp-content/uploads/2019/12/Exports-by-months-of-2016.xls,2016,12,export,Fibres of all kinds,fibres_all_kinds,2938500220.0,2938.50022,million USD
https://www.nso.gov.vn/en/data-and-statistics/2019/12/exports-and-imports-value-by-months-of-2016/,https://www.nso.gov.vn/wp-content/uploads/2019/12/Exports-by-months-of-2016.xls,2016,12,export,Tyre cord fabric and other woven fabrics,technical_or_woven_fabrics,29483294.0,29.483294,million USD
https://www.nso.gov.vn/en/data-and-statistics/2019/12/exports-and-imports-value-by-months-of-2016/,https://www.nso.gov.vn/wp-content/uploads/2019/12/Exports-by-months-of-2016.xls,2016,12,export,Tyre cord fabric and other woven fabrics,technical_or_woven_fabrics,415302887.99999994,415.30288799999994,million USD
https://www.nso.gov.vn/en/data-and-statistics/2019/12/exports-and-imports-value-by-months-of-2016/,https://www.nso.gov.vn/wp-content/uploads/2019/12/Exports-by-months-of-2016.xls,2016,12,export,"Auxiliary materials for textile, garment, footgear",textile_garment_footgear_materials_auxiliaries,126717498.0,126.717498,million USD
https://www.nso.gov.vn/en/data-and-statistics/2019/12/exports-and-imports-value-by-months-of-2016/,https://www.nso.gov.vn/wp-content/uploads/2019/12/Exports-by-months-of-2016.xls,2016,12,export,"Auxiliary materials for textile, garment, footgear",textile_garment_footgear_materials_auxiliaries,1553026601.0,1553.026601,million USD
https://www.nso.gov.vn/en/data-and-statistics/2019/12/exports-and-imports-value-by-months-of-2016/,https://www.nso.gov.vn/wp-content/uploads/2019/12/Exports-by-months-of-2016.xls,2016,12,export,"Textile, sewing products",textiles_and_garments_or_sewing_products,2288157345.0,2288.157345,million USD
https://www.nso.gov.vn/en/data-and-statistics/2019/12/exports-and-imports-value-by-months-of-2016/,https://www.nso.gov.vn/wp-content/uploads/2019/12/Exports-by-months-of-2016.xls,2016,12,export,"Textile, sewing products",textiles_and_garments_or_sewing_products,23824878628.0,23824.878628,million USD
https://www.nso.gov.vn/en/data-and-statistics/2019/12/exports-and-imports-value-by-months-of-2016/,https://www.nso.gov.vn/wp-content/uploads/2019/12/Imports-by-months-of-2016.xls,2016,12,import,Cotton,cotton,146578665.0,146.578665,million USD
https://www.nso.gov.vn/en/data-and-statistics/2019/12/exports-and-imports-value-by-months-of-2016/,https://www.nso.gov.vn/wp-content/uploads/2019/12/Imports-by-months-of-2016.xls,2016,12,import,Cotton,cotton,1662208700.9999998,1662.2087009999998,million USD
https://www.nso.gov.vn/en/data-and-statistics/2019/12/exports-and-imports-value-by-months-of-2016/,https://www.nso.gov.vn/wp-content/uploads/2019/12/Imports-by-months-of-2016.xls,2016,12,import,Textile fabrics,fabrics,943480091.0,943.480091,million USD
https://www.nso.gov.vn/en/data-and-statistics/2019/12/exports-and-imports-value-by-months-of-2016/,https://www.nso.gov.vn/wp-content/uploads/2019/12/Imports-by-months-of-2016.xls,2016,12,import,Textile fabrics,fabrics,10565075144.999998,10565.075144999999,million USD
https://www.nso.gov.vn/en/data-and-statistics/2019/12/exports-and-imports-value-by-months-of-2016/,https://www.nso.gov.vn/wp-content/uploads/2019/12/Imports-by-months-of-2016.xls,2016,12,import,"Fibres, spun",fibres_spun,153122855.00000003,153.12285500000002,million USD
https://www.nso.gov.vn/en/data-and-statistics/2019/12/exports-and-imports-value-by-months-of-2016/,https://www.nso.gov.vn/wp-content/uploads/2019/12/Imports-by-months-of-2016.xls,2016,12,import,"Fibres, spun",fibres_spun,1617738786.0,1617.7387860000001,million USD
https://www.nso.gov.vn/en/data-and-statistics/2019/12/exports-and-imports-value-by-months-of-2016/,https://www.nso.gov.vn/wp-content/uploads/2019/12/Imports-by-months-of-2016.xls,2016,12,import,"Auxiliary materials for textile, garment, footgear",textile_garment_footgear_materials_auxiliaries,425608018.99999994,425.60801899999996,million USD
https://www.nso.gov.vn/en/data-and-statistics/2019/12/exports-and-imports-value-by-months-of-2016/,https://www.nso.gov.vn/wp-content/uploads/2019/12/Imports-by-months-of-2016.xls,2016,12,import,"Auxiliary materials for textile, garment, footgear",textile_garment_footgear_materials_auxiliaries,5062613399.000001,5062.613399000001,million USD
https://www.nso.gov.vn/en/data-and-statistics/2019/12/13663/,https://www.nso.gov.vn/wp-content/uploads/2019/12/E1-2017.xls,2017,1,export,"Fibres, not spun",fibres_not_spun,204326094.0,204.326094,million USD
https://www.nso.gov.vn/en/data-and-statistics/2019/12/13663/,https://www.nso.gov.vn/wp-content/uploads/2019/12/E1-2017.xls,2017,1,export,Pieces of cloth and other technical cloths,technical_cloths,35398502.0,35.398502,million USD
https://www.nso.gov.vn/en/data-and-statistics/2019/12/13663/,https://www.nso.gov.vn/wp-content/uploads/2019/12/E1-2017.xls,2017,1,export,"Auxiliary materials for textile, garment, leather, footwear",textile_garment_leather_footwear_materials_auxiliaries,127000000.0,127.0,million USD
https://www.nso.gov.vn/en/data-and-statistics/2019/12/13663/,https://www.nso.gov.vn/wp-content/uploads/2019/12/E1-2017.xls,2017,1,export,"Textile, sewing products",textiles_and_garments_or_sewing_products,2143173433.0,2143.173433,million USD
https://www.nso.gov.vn/en/data-and-statistics/2019/12/13663/,https://www.nso.gov.vn/wp-content/uploads/2019/12/E2-2017.xls,2017,1,import,Cotton,cotton,161981513.0,161.981513,million USD
https://www.nso.gov.vn/en/data-and-statistics/2019/12/13663/,https://www.nso.gov.vn/wp-content/uploads/2019/12/E2-2017.xls,2017,1,import,Textile fabrics,fabrics,659446553.0,659.446553,million USD
https://www.nso.gov.vn/en/data-and-statistics/2019/12/13663/,https://www.nso.gov.vn/wp-content/uploads/2019/12/E2-2017.xls,2017,1,import,"Fibres, spun",fibres_spun,114090352.0,114.090352,million USD
https://www.nso.gov.vn/en/data-and-statistics/2019/12/13663/,https://www.nso.gov.vn/wp-content/uploads/2019/12/E2-2017.xls,2017,1,import,"Auxiliary materials for textile, garment, footgear",textile_garment_footgear_materials_auxiliaries,320846900.0,320.8469,million USD
https://www.nso.gov.vn/en/data-and-statistics/2019/12/13663/,https://www.nso.gov.vn/wp-content/uploads/2019/12/E1-2017.xls,2017,2,export,"Fibres, not spun",fibres_not_spun,268418627.00000003,268.418627,million USD
https://www.nso.gov.vn/en/data-and-statistics/2019/12/13663/,https://www.nso.gov.vn/wp-content/uploads/2019/12/E1-2017.xls,2017,2,export,Pieces of cloth and other technical cloths,technical_cloths,39015521.0,39.015521,million USD
https://www.nso.gov.vn/en/data-and-statistics/2019/12/13663/,https://www.nso.gov.vn/wp-content/uploads/2019/12/E1-2017.xls,2017,2,export,"Auxiliary materials for textile, garment, leather, footwear",textile_garment_leather_footwear_materials_auxiliaries,129000000.0,129.0,million USD
https://www.nso.gov.vn/en/data-and-statistics/2019/12/13663/,https://www.nso.gov.vn/wp-content/uploads/2019/12/E1-2017.xls,2017,2,export,"Textile, sewing products",textiles_and_garments_or_sewing_products,1391138543.0,1391.138543,million USD
https://www.nso.gov.vn/en/data-and-statistics/2019/12/13663/,https://www.nso.gov.vn/wp-content/uploads/2019/12/E2-2017.xls,2017,2,import,Cotton,cotton,207947464.0,207.947464,million USD
https://www.nso.gov.vn/en/data-and-statistics/2019/12/13663/,https://www.nso.gov.vn/wp-content/uploads/2019/12/E2-2017.xls,2017,2,import,Textile fabrics,fabrics,692548260.0,692.54826,million USD
https://www.nso.gov.vn/en/data-and-statistics/2019/12/13663/,https://www.nso.gov.vn/wp-content/uploads/2019/12/E2-2017.xls,2017,2,import,"Fibres, spun",fibres_spun,135691465.0,135.691465,million USD
https://www.nso.gov.vn/en/data-and-statistics/2019/12/13663/,https://www.nso.gov.vn/wp-content/uploads/2019/12/E2-2017.xls,2017,2,import,"Auxiliary materials for textile, garment, footgear",textile_garment_footgear_materials_auxiliaries,401924565.0,401.924565,million USD
https://www.nso.gov.vn/en/data-and-statistics/2019/12/13663/,https://www.nso.gov.vn/wp-content/uploads/2019/12/E1-2017.xls,2017,3,export,"Fibres, not spun",fibres_not_spun,306946816.0,306.946816,million USD
https://www.nso.gov.vn/en/data-and-statistics/2019/12/13663/,https://www.nso.gov.vn/wp-content/uploads/2019/12/E1-2017.xls,2017,3,export,Pieces of cloth and other technical cloths,technical_cloths,43151362.0,43.151362,million USD
https://www.nso.gov.vn/en/data-and-statistics/2019/12/13663/,https://www.nso.gov.vn/wp-content/uploads/2019/12/E1-2017.xls,2017,3,export,"Auxiliary materials for textile, garment, leather, footwear",textile_garment_leather_footwear_materials_auxiliaries,160801128.0,160.801128,million USD
https://www.nso.gov.vn/en/data-and-statistics/2019/12/13663/,https://www.nso.gov.vn/wp-content/uploads/2019/12/E1-2017.xls,2017,3,export,"Textile, sewing products",textiles_and_garments_or_sewing_products,2104734939.9999998,2104.73494,million USD
https://www.nso.gov.vn/en/data-and-statistics/2019/12/13663/,https://www.nso.gov.vn/wp-content/uploads/2019/12/E2-2017.xls,2017,3,import,Cotton,cotton,200812109.0,200.812109,million USD
https://www.nso.gov.vn/en/data-and-statistics/2019/12/13663/,https://www.nso.gov.vn/wp-content/uploads/2019/12/E2-2017.xls,2017,3,import,Textile fabrics,fabrics,995394844.0,995.394844,million USD
https://www.nso.gov.vn/en/data-and-statistics/2019/12/13663/,https://www.nso.gov.vn/wp-content/uploads/2019/12/E2-2017.xls,2017,3,import,"Fibres, spun",fibres_spun,169329360.0,169.32936,million USD
https://www.nso.gov.vn/en/data-and-statistics/2019/12/13663/,https://www.nso.gov.vn/wp-content/uploads/2019/12/E2-2017.xls,2017,3,import,"Auxiliary materials for textile, garment, footgear",textile_garment_footgear_materials_auxiliaries,522439988.0,522.439988,million USD
https://www.nso.gov.vn/en/data-and-statistics/2019/12/13663/,https://www.nso.gov.vn/wp-content/uploads/2019/12/E1-2017.xls,2017,4,export,"Fibres, not spun",fibres_not_spun,287233866.0,287.233866,million USD
https://www.nso.gov.vn/en/data-and-statistics/2019/12/13663/,https://www.nso.gov.vn/wp-content/uploads/2019/12/E1-2017.xls,2017,4,export,Pieces of cloth and other technical cloths,technical_cloths,40658562.0,40.658562,million USD
https://www.nso.gov.vn/en/data-and-statistics/2019/12/13663/,https://www.nso.gov.vn/wp-content/uploads/2019/12/E1-2017.xls,2017,4,export,"Auxiliary materials for textile, garment, leather, footwear",textile_garment_leather_footwear_materials_auxiliaries,150000000.0,150.0,million USD
https://www.nso.gov.vn/en/data-and-statistics/2019/12/13663/,https://www.nso.gov.vn/wp-content/uploads/2019/12/E1-2017.xls,2017,4,export,"Textile, sewing products",textiles_and_garments_or_sewing_products,1868234202.0,1868.234202,million USD
https://www.nso.gov.vn/en/data-and-statistics/2019/12/13663/,https://www.nso.gov.vn/wp-content/uploads/2019/12/E2-2017.xls,2017,4,import,Cotton,cotton,207418444.0,207.418444,million USD
https://www.nso.gov.vn/en/data-and-statistics/2019/12/13663/,https://www.nso.gov.vn/wp-content/uploads/2019/12/E2-2017.xls,2017,4,import,Textile fabrics,fabrics,991128946.0,991.128946,million USD
https://www.nso.gov.vn/en/data-and-statistics/2019/12/13663/,https://www.nso.gov.vn/wp-content/uploads/2019/12/E2-2017.xls,2017,4,import,"Fibres, spun",fibres_spun,143516049.0,143.516049,million USD
https://www.nso.gov.vn/en/data-and-statistics/2019/12/13663/,https://www.nso.gov.vn/wp-content/uploads/2019/12/E2-2017.xls,2017,4,import,"Auxiliary materials for textile, garment, footgear",textile_garment_footgear_materials_auxiliaries,482830933.0,482.830933,million USD
https://www.nso.gov.vn/en/data-and-statistics/2019/12/13663/,https://www.nso.gov.vn/wp-content/uploads/2019/12/E1-2017.xls,2017,5,export,"Fibres, not spun",fibres_not_spun,303390799.0,303.390799,million USD
https://www.nso.gov.vn/en/data-and-statistics/2019/12/13663/,https://www.nso.gov.vn/wp-content/uploads/2019/12/E1-2017.xls,2017,5,export,Pieces of cloth and other technical cloths,technical_cloths,40317853.0,40.317853,million USD
https://www.nso.gov.vn/en/data-and-statistics/2019/12/13663/,https://www.nso.gov.vn/wp-content/uploads/2019/12/E1-2017.xls,2017,5,export,"Auxiliary materials for textile, garment, leather, footwear",textile_garment_leather_footwear_materials_auxiliaries,153251580.0,153.25158,million USD
https://www.nso.gov.vn/en/data-and-statistics/2019/12/13663/,https://www.nso.gov.vn/wp-content/uploads/2019/12/E1-2017.xls,2017,5,export,"Textile, sewing products",textiles_and_garments_or_sewing_products,1917462269.0,1917.462269,million USD
https://www.nso.gov.vn/en/data-and-statistics/2019/12/13663/,https://www.nso.gov.vn/wp-content/uploads/2019/12/E2-2017.xls,2017,5,import,Cotton,cotton,242218643.0,242.218643,million USD
https://www.nso.gov.vn/en/data-and-statistics/2019/12/13663/,https://www.nso.gov.vn/wp-content/uploads/2019/12/E2-2017.xls,2017,5,import,Textile fabrics,fabrics,1141356806.0,1141.356806,million USD
https://www.nso.gov.vn/en/data-and-statistics/2019/12/13663/,https://www.nso.gov.vn/wp-content/uploads/2019/12/E2-2017.xls,2017,5,import,"Fibres, spun",fibres_spun,168590667.0,168.590667,million USD
https://www.nso.gov.vn/en/data-and-statistics/2019/12/13663/,https://www.nso.gov.vn/wp-content/uploads/2019/12/E2-2017.xls,2017,5,import,"Auxiliary materials for textile, garment, footgear",textile_garment_footgear_materials_auxiliaries,478000000.0,478.0,million USD
https://www.nso.gov.vn/en/data-and-statistics/2019/12/13663/,https://www.nso.gov.vn/wp-content/uploads/2019/12/E1-2017.xls,2017,6,export,"Fibres, not spun",fibres_not_spun,302419103.0,302.419103,million USD
https://www.nso.gov.vn/en/data-and-statistics/2019/12/13663/,https://www.nso.gov.vn/wp-content/uploads/2019/12/E1-2017.xls,2017,6,export,Pieces of cloth and other technical cloths,technical_cloths,39026665.0,39.026665,million USD
https://www.nso.gov.vn/en/data-and-statistics/2019/12/13663/,https://www.nso.gov.vn/wp-content/uploads/2019/12/E1-2017.xls,2017,6,export,"Auxiliary materials for textile, garment, leather, footwear",textile_garment_leather_footwear_materials_auxiliaries,153634604.0,153.634604,million USD
https://www.nso.gov.vn/en/data-and-statistics/2019/12/13663/,https://www.nso.gov.vn/wp-content/uploads/2019/12/E1-2017.xls,2017,6,export,"Textile, sewing products",textiles_and_garments_or_sewing_products,2362111592.0,2362.111592,million USD
https://www.nso.gov.vn/en/data-and-statistics/2019/12/13663/,https://www.nso.gov.vn/wp-content/uploads/2019/12/E2-2017.xls,2017,6,import,Cotton,cotton,213479448.0,213.479448,million USD
https://www.nso.gov.vn/en/data-and-statistics/2019/12/13663/,https://www.nso.gov.vn/wp-content/uploads/2019/12/E2-2017.xls,2017,6,import,Textile fabrics,fabrics,1010030199.0,1010.030199,million USD
https://www.nso.gov.vn/en/data-and-statistics/2019/12/13663/,https://www.nso.gov.vn/wp-content/uploads/2019/12/E2-2017.xls,2017,6,import,"Fibres, spun",fibres_spun,149368100.0,149.3681,million USD
https://www.nso.gov.vn/en/data-and-statistics/2019/12/13663/,https://www.nso.gov.vn/wp-content/uploads/2019/12/E2-2017.xls,2017,6,import,"Auxiliary materials for textile, garment, footgear",textile_garment_footgear_materials_auxiliaries,474973983.0,474.973983,million USD
https://www.nso.gov.vn/en/data-and-statistics/2019/12/13663/,https://www.nso.gov.vn/wp-content/uploads/2019/12/E1-2017.xls,2017,7,export,"Fibres, not spun",fibres_not_spun,304161996.0,304.161996,million USD
https://www.nso.gov.vn/en/data-and-statistics/2019/12/13663/,https://www.nso.gov.vn/wp-content/uploads/2019/12/E1-2017.xls,2017,7,export,Pieces of cloth and other technical cloths,technical_cloths,38020081.0,38.020081,million USD
https://www.nso.gov.vn/en/data-and-statistics/2019/12/13663/,https://www.nso.gov.vn/wp-content/uploads/2019/12/E1-2017.xls,2017,7,export,"Auxiliary materials for textile, garment, leather, footwear",textile_garment_leather_footwear_materials_auxiliaries,152000000.0,152.0,million USD
https://www.nso.gov.vn/en/data-and-statistics/2019/12/13663/,https://www.nso.gov.vn/wp-content/uploads/2019/12/E1-2017.xls,2017,7,export,"Textile, sewing products",textiles_and_garments_or_sewing_products,2451320491.0,2451.320491,million USD
https://www.nso.gov.vn/en/data-and-statistics/2019/12/13663/,https://www.nso.gov.vn/wp-content/uploads/2019/12/E2-2017.xls,2017,7,import,Cotton,cotton,179213988.0,179.213988,million USD
https://www.nso.gov.vn/en/data-and-statistics/2019/12/13663/,https://www.nso.gov.vn/wp-content/uploads/2019/12/E2-2017.xls,2017,7,import,Textile fabrics,fabrics,969519154.0,969.519154,million USD
https://www.nso.gov.vn/en/data-and-statistics/2019/12/13663/,https://www.nso.gov.vn/wp-content/uploads/2019/12/E2-2017.xls,2017,7,import,"Fibres, spun",fibres_spun,140836159.0,140.836159,million USD
https://www.nso.gov.vn/en/data-and-statistics/2019/12/13663/,https://www.nso.gov.vn/wp-content/uploads/2019/12/E2-2017.xls,2017,7,import,"Auxiliary materials for textile, garment, footgear",textile_garment_footgear_materials_auxiliaries,475385188.0,475.385188,million USD
https://www.nso.gov.vn/en/data-and-statistics/2019/12/13663/,https://www.nso.gov.vn/wp-content/uploads/2019/12/E1-2017.xls,2017,8,export,"Fibres, not spun",fibres_not_spun,332371689.0,332.371689,million USD
https://www.nso.gov.vn/en/data-and-statistics/2019/12/13663/,https://www.nso.gov.vn/wp-content/uploads/2019/12/E1-2017.xls,2017,8,export,Pieces of cloth and other technical cloths,technical_cloths,37421664.0,37.421664,million USD
https://www.nso.gov.vn/en/data-and-statistics/2019/12/13663/,https://www.nso.gov.vn/wp-content/uploads/2019/12/E1-2017.xls,2017,8,export,"Auxiliary materials for textile, garment, leather, footwear",textile_garment_leather_footwear_materials_auxiliaries,163491103.0,163.491103,million USD
https://www.nso.gov.vn/en/data-and-statistics/2019/12/13663/,https://www.nso.gov.vn/wp-content/uploads/2019/12/E1-2017.xls,2017,8,export,"Textile, sewing products",textiles_and_garments_or_sewing_products,2660375505.0,2660.375505,million USD
https://www.nso.gov.vn/en/data-and-statistics/2019/12/13663/,https://www.nso.gov.vn/wp-content/uploads/2019/12/E2-2017.xls,2017,8,import,Cotton,cotton,216827956.0,216.827956,million USD
https://www.nso.gov.vn/en/data-and-statistics/2019/12/13663/,https://www.nso.gov.vn/wp-content/uploads/2019/12/E2-2017.xls,2017,8,import,Textile fabrics,fabrics,899994710.0,899.99471,million USD
https://www.nso.gov.vn/en/data-and-statistics/2019/12/13663/,https://www.nso.gov.vn/wp-content/uploads/2019/12/E2-2017.xls,2017,8,import,"Fibres, spun",fibres_spun,152952242.0,152.952242,million USD
https://www.nso.gov.vn/en/data-and-statistics/2019/12/13663/,https://www.nso.gov.vn/wp-content/uploads/2019/12/E2-2017.xls,2017,8,import,"Auxiliary materials for textile, garment, footgear",textile_garment_footgear_materials_auxiliaries,431837915.0,431.837915,million USD
https://www.nso.gov.vn/en/data-and-statistics/2019/12/13663/,https://www.nso.gov.vn/wp-content/uploads/2019/12/E1-2017.xls,2017,9,export,"Fibres, not spun",fibres_not_spun,320811567.0,320.811567,million USD
https://www.nso.gov.vn/en/data-and-statistics/2019/12/13663/,https://www.nso.gov.vn/wp-content/uploads/2019/12/E1-2017.xls,2017,9,export,Pieces of cloth and other technical cloths,technical_cloths,36276943.0,36.276943,million USD
https://www.nso.gov.vn/en/data-and-statistics/2019/12/13663/,https://www.nso.gov.vn/wp-content/uploads/2019/12/E1-2017.xls,2017,9,export,"Auxiliary materials for textile, garment, leather, footwear",textile_garment_leather_footwear_materials_auxiliaries,152000000.0,152.0,million USD
https://www.nso.gov.vn/en/data-and-statistics/2019/12/13663/,https://www.nso.gov.vn/wp-content/uploads/2019/12/E1-2017.xls,2017,9,export,"Textile, sewing products",textiles_and_garments_or_sewing_products,2367773808.0,2367.773808,million USD
https://www.nso.gov.vn/en/data-and-statistics/2019/12/13663/,https://www.nso.gov.vn/wp-content/uploads/2019/12/E2-2017.xls,2017,9,import,Cotton,cotton,216950017.0,216.950017,million USD
https://www.nso.gov.vn/en/data-and-statistics/2019/12/13663/,https://www.nso.gov.vn/wp-content/uploads/2019/12/E2-2017.xls,2017,9,import,Textile fabrics,fabrics,910612844.0,910.612844,million USD
https://www.nso.gov.vn/en/data-and-statistics/2019/12/13663/,https://www.nso.gov.vn/wp-content/uploads/2019/12/E2-2017.xls,2017,9,import,"Fibres, spun",fibres_spun,149069694.0,149.069694,million USD
https://www.nso.gov.vn/en/data-and-statistics/2019/12/13663/,https://www.nso.gov.vn/wp-content/uploads/2019/12/E2-2017.xls,2017,9,import,"Auxiliary materials for textile, garment, footgear",textile_garment_footgear_materials_auxiliaries,450633197.0,450.633197,million USD
https://www.nso.gov.vn/en/data-and-statistics/2019/12/13663/,https://www.nso.gov.vn/wp-content/uploads/2019/12/E1-2017.xls,2017,10,export,"Fibres, not spun",fibres_not_spun,314309797.0,314.309797,million USD
https://www.nso.gov.vn/en/data-and-statistics/2019/12/13663/,https://www.nso.gov.vn/wp-content/uploads/2019/12/E1-2017.xls,2017,10,export,Pieces of cloth and other technical cloths,technical_cloths,38193369.0,38.193369,million USD
https://www.nso.gov.vn/en/data-and-statistics/2019/12/13663/,https://www.nso.gov.vn/wp-content/uploads/2019/12/E1-2017.xls,2017,10,export,"Auxiliary materials for textile, garment, leather, footwear",textile_garment_leather_footwear_materials_auxiliaries,152679250.0,152.67925,million USD
https://www.nso.gov.vn/en/data-and-statistics/2019/12/13663/,https://www.nso.gov.vn/wp-content/uploads/2019/12/E1-2017.xls,2017,10,export,"Textile, sewing products",textiles_and_garments_or_sewing_products,2220659599.0,2220.659599,million USD
https://www.nso.gov.vn/en/data-and-statistics/2019/12/13663/,https://www.nso.gov.vn/wp-content/uploads/2019/12/E2-2017.xls,2017,10,import,Cotton,cotton,186077050.0,186.07705,million USD
https://www.nso.gov.vn/en/data-and-statistics/2019/12/13663/,https://www.nso.gov.vn/wp-content/uploads/2019/12/E2-2017.xls,2017,10,import,Textile fabrics,fabrics,1037000000.0,1037.0,million USD
https://www.nso.gov.vn/en/data-and-statistics/2019/12/13663/,https://www.nso.gov.vn/wp-content/uploads/2019/12/E2-2017.xls,2017,10,import,"Fibres, spun",fibres_spun,151977286.0,151.977286,million USD
https://www.nso.gov.vn/en/data-and-statistics/2019/12/13663/,https://www.nso.gov.vn/wp-content/uploads/2019/12/E2-2017.xls,2017,10,import,"Auxiliary materials for textile, garment, footgear",textile_garment_footgear_materials_auxiliaries,471326333.0,471.326333,million USD
https://www.nso.gov.vn/en/data-and-statistics/2019/12/13663/,https://www.nso.gov.vn/wp-content/uploads/2019/12/E1-2017.xls,2017,11,export,"Fibres, not spun",fibres_not_spun,321597572.0,321.597572,million USD
https://www.nso.gov.vn/en/data-and-statistics/2019/12/13663/,https://www.nso.gov.vn/wp-content/uploads/2019/12/E1-2017.xls,2017,11,export,Pieces of cloth and other technical cloths,technical_cloths,34884738.0,34.884738,million USD
https://www.nso.gov.vn/en/data-and-statistics/2019/12/13663/,https://www.nso.gov.vn/wp-content/uploads/2019/12/E1-2017.xls,2017,11,export,"Auxiliary materials for textile, garment, leather, footwear",textile_garment_leather_footwear_materials_auxiliaries,145000000.0,145.0,million USD
https://www.nso.gov.vn/en/data-and-statistics/2019/12/13663/,https://www.nso.gov.vn/wp-content/uploads/2019/12/E1-2017.xls,2017,11,export,"Textile, sewing products",textiles_and_garments_or_sewing_products,2160553998.0,2160.553998,million USD
https://www.nso.gov.vn/en/data-and-statistics/2019/12/13663/,https://www.nso.gov.vn/wp-content/uploads/2019/12/E2-2017.xls,2017,11,import,Cotton,cotton,141725268.0,141.725268,million USD
https://www.nso.gov.vn/en/data-and-statistics/2019/12/13663/,https://www.nso.gov.vn/wp-content/uploads/2019/12/E2-2017.xls,2017,11,import,Textile fabrics,fabrics,1090290613.0,1090.290613,million USD
https://www.nso.gov.vn/en/data-and-statistics/2019/12/13663/,https://www.nso.gov.vn/wp-content/uploads/2019/12/E2-2017.xls,2017,11,import,"Fibres, spun",fibres_spun,167668040.0,167.66804,million USD
https://www.nso.gov.vn/en/data-and-statistics/2019/12/13663/,https://www.nso.gov.vn/wp-content/uploads/2019/12/E2-2017.xls,2017,11,import,"Auxiliary materials for textile, garment, footgear",textile_garment_footgear_materials_auxiliaries,454123157.0,454.123157,million USD
https://www.nso.gov.vn/en/data-and-statistics/2019/12/13663/,https://www.nso.gov.vn/wp-content/uploads/2019/12/E1-2017.xls,2017,12,export,"Fibres, not spun",fibres_not_spun,328000000.0,328.0,million USD
https://www.nso.gov.vn/en/data-and-statistics/2019/12/13663/,https://www.nso.gov.vn/wp-content/uploads/2019/12/E1-2017.xls,2017,12,export,"Fibres, not spun",fibres_not_spun,3593987926.0000005,3593.9879260000002,million USD
https://www.nso.gov.vn/en/data-and-statistics/2019/12/13663/,https://www.nso.gov.vn/wp-content/uploads/2019/12/E1-2017.xls,2017,12,export,Pieces of cloth and other technical cloths,technical_cloths,35577383.0,35.577383,million USD
https://www.nso.gov.vn/en/data-and-statistics/2019/12/13663/,https://www.nso.gov.vn/wp-content/uploads/2019/12/E1-2017.xls,2017,12,export,Pieces of cloth and other technical cloths,technical_cloths,457942643.0,457.942643,million USD
https://www.nso.gov.vn/en/data-and-statistics/2019/12/13663/,https://www.nso.gov.vn/wp-content/uploads/2019/12/E1-2017.xls,2017,12,export,"Auxiliary materials for textile, garment, leather, footwear",textile_garment_leather_footwear_materials_auxiliaries,146000000.0,146.0,million USD
https://www.nso.gov.vn/en/data-and-statistics/2019/12/13663/,https://www.nso.gov.vn/wp-content/uploads/2019/12/E1-2017.xls,2017,12,export,"Auxiliary materials for textile, garment, leather, footwear",textile_garment_leather_footwear_materials_auxiliaries,1784857665.0,1784.857665,million USD
https://www.nso.gov.vn/en/data-and-statistics/2019/12/13663/,https://www.nso.gov.vn/wp-content/uploads/2019/12/E1-2017.xls,2017,12,export,"Textile, sewing products",textiles_and_garments_or_sewing_products,2472256020.0,2472.25602,million USD
https://www.nso.gov.vn/en/data-and-statistics/2019/12/13663/,https://www.nso.gov.vn/wp-content/uploads/2019/12/E1-2017.xls,2017,12,export,"Textile, sewing products",textiles_and_garments_or_sewing_products,26119794400.0,26119.7944,million USD
https://www.nso.gov.vn/en/data-and-statistics/2019/12/13663/,https://www.nso.gov.vn/wp-content/uploads/2019/12/E2-2017.xls,2017,12,import,Cotton,cotton,187755798.0,187.755798,million USD
https://www.nso.gov.vn/en/data-and-statistics/2019/12/13663/,https://www.nso.gov.vn/wp-content/uploads/2019/12/E2-2017.xls,2017,12,import,Cotton,cotton,2362407698.0,2362.407698,million USD
https://www.nso.gov.vn/en/data-and-statistics/2019/12/13663/,https://www.nso.gov.vn/wp-content/uploads/2019/12/E2-2017.xls,2017,12,import,Textile fabrics,fabrics,1025203768.0000001,1025.203768,million USD
https://www.nso.gov.vn/en/data-and-statistics/2019/12/13663/,https://www.nso.gov.vn/wp-content/uploads/2019/12/E2-2017.xls,2017,12,import,Textile fabrics,fabrics,11422526697.000002,11422.526697000001,million USD
https://www.nso.gov.vn/en/data-and-statistics/2019/12/13663/,https://www.nso.gov.vn/wp-content/uploads/2019/12/E2-2017.xls,2017,12,import,"Fibres, spun",fibres_spun,178465362.0,178.465362,million USD
https://www.nso.gov.vn/en/data-and-statistics/2019/12/13663/,https://www.nso.gov.vn/wp-content/uploads/2019/12/E2-2017.xls,2017,12,import,"Fibres, spun",fibres_spun,1821554776.0000002,1821.5547760000002,million USD
https://www.nso.gov.vn/en/data-and-statistics/2019/12/13663/,https://www.nso.gov.vn/wp-content/uploads/2019/12/E2-2017.xls,2017,12,import,"Auxiliary materials for textile, garment, footgear",textile_garment_footgear_materials_auxiliaries,416641291.0,416.641291,million USD
https://www.nso.gov.vn/en/data-and-statistics/2019/12/13663/,https://www.nso.gov.vn/wp-content/uploads/2019/12/E2-2017.xls,2017,12,import,"Auxiliary materials for textile, garment, footgear",textile_garment_footgear_materials_auxiliaries,5380963449.999999,5380.963449999999,million USD
https://www.nso.gov.vn/en/data-and-statistics/2019/11/preliminary-exports-and-imports-in-2018/,https://www.nso.gov.vn/wp-content/uploads/2019/11/E1-2018.xls,2018,1,export,"Fibres, not spun",fibres_not_spun,333899937.0,333899.937,1000 USD
https://www.nso.gov.vn/en/data-and-statistics/2019/11/preliminary-exports-and-imports-in-2018/,https://www.nso.gov.vn/wp-content/uploads/2019/11/E1-2018.xls,2018,1,export,Pieces of cloth and other technical cloths,technical_cloths,44240002.0,44240.002,1000 USD
https://www.nso.gov.vn/en/data-and-statistics/2019/11/preliminary-exports-and-imports-in-2018/,https://www.nso.gov.vn/wp-content/uploads/2019/11/E1-2018.xls,2018,1,export,"Auxiliary materials for textile, garment, leather, footwear",textile_garment_leather_footwear_materials_auxiliaries,154249145.0,154249.145,1000 USD
https://www.nso.gov.vn/en/data-and-statistics/2019/11/preliminary-exports-and-imports-in-2018/,https://www.nso.gov.vn/wp-content/uploads/2019/11/E1-2018.xls,2018,1,export,"Textile, sewing products",textiles_and_garments_or_sewing_products,2490923251.0,2490923.251,1000 USD
https://www.nso.gov.vn/en/data-and-statistics/2019/11/preliminary-exports-and-imports-in-2018/,https://www.nso.gov.vn/wp-content/uploads/2019/11/E2-2018.xls,2018,1,import,Cotton,cotton,252741681.0,252741.681,1000 USD
https://www.nso.gov.vn/en/data-and-statistics/2019/11/preliminary-exports-and-imports-in-2018/,https://www.nso.gov.vn/wp-content/uploads/2019/11/E2-2018.xls,2018,1,import,Textile fibrics,fabrics,1044675436.0,1044675.436,1000 USD
https://www.nso.gov.vn/en/data-and-statistics/2019/11/preliminary-exports-and-imports-in-2018/,https://www.nso.gov.vn/wp-content/uploads/2019/11/E2-2018.xls,2018,1,import,"Fibres, not spun",fibres_not_spun,196361270.0,196361.27,1000 USD
https://www.nso.gov.vn/en/data-and-statistics/2019/11/preliminary-exports-and-imports-in-2018/,https://www.nso.gov.vn/wp-content/uploads/2019/11/E2-2018.xls,2018,1,import,"Auxiliary materials for textile, garment, leather, footwear",textile_garment_leather_footwear_materials_auxiliaries,437377566.0,437377.566,1000 USD
https://www.nso.gov.vn/en/data-and-statistics/2019/11/preliminary-exports-and-imports-in-2018/,https://www.nso.gov.vn/wp-content/uploads/2019/11/E1-2018.xls,2018,2,export,"Fibres, not spun",fibres_not_spun,223658777.00000006,223658.77700000006,1000 USD
https://www.nso.gov.vn/en/data-and-statistics/2019/11/preliminary-exports-and-imports-in-2018/,https://www.nso.gov.vn/wp-content/uploads/2019/11/E1-2018.xls,2018,2,export,Pieces of cloth and other technical cloths,technical_cloths,39500494.0,39500.494,1000 USD
https://www.nso.gov.vn/en/data-and-statistics/2019/11/preliminary-exports-and-imports-in-2018/,https://www.nso.gov.vn/wp-content/uploads/2019/11/E1-2018.xls,2018,2,export,"Auxiliary materials for textile, garment, leather, footwear",textile_garment_leather_footwear_materials_auxiliaries,122745055.00000001,122745.05500000002,1000 USD
https://www.nso.gov.vn/en/data-and-statistics/2019/11/preliminary-exports-and-imports-in-2018/,https://www.nso.gov.vn/wp-content/uploads/2019/11/E1-2018.xls,2018,2,export,"Textile, sewing products",textiles_and_garments_or_sewing_products,1624195338.9999998,1624195.3389999997,1000 USD
https://www.nso.gov.vn/en/data-and-statistics/2019/11/preliminary-exports-and-imports-in-2018/,https://www.nso.gov.vn/wp-content/uploads/2019/11/E2-2018.xls,2018,2,import,Cotton,cotton,201628612.99999997,201628.61299999998,1000 USD
https://www.nso.gov.vn/en/data-and-statistics/2019/11/preliminary-exports-and-imports-in-2018/,https://www.nso.gov.vn/wp-content/uploads/2019/11/E2-2018.xls,2018,2,import,Textile fibrics,fabrics,735177889.9999999,735177.8899999999,1000 USD
https://www.nso.gov.vn/en/data-and-statistics/2019/11/preliminary-exports-and-imports-in-2018/,https://www.nso.gov.vn/wp-content/uploads/2019/11/E2-2018.xls,2018,2,import,"Fibres, not spun",fibres_not_spun,127854001.00000001,127854.00100000002,1000 USD
https://www.nso.gov.vn/en/data-and-statistics/2019/11/preliminary-exports-and-imports-in-2018/,https://www.nso.gov.vn/wp-content/uploads/2019/11/E2-2018.xls,2018,2,import,"Auxiliary materials for textile, garment, leather, footwear",textile_garment_leather_footwear_materials_auxiliaries,313854182.99999994,313854.18299999996,1000 USD
https://www.nso.gov.vn/en/data-and-statistics/2019/11/preliminary-exports-and-imports-in-2018/,https://www.nso.gov.vn/wp-content/uploads/2019/11/E1-2018.xls,2018,3,export,"Fibres, not spun",fibres_not_spun,356698533.99999994,356698.5339999999,1000 USD
https://www.nso.gov.vn/en/data-and-statistics/2019/11/preliminary-exports-and-imports-in-2018/,https://www.nso.gov.vn/wp-content/uploads/2019/11/E1-2018.xls,2018,3,export,Pieces of cloth and other technical cloths,technical_cloths,48247911.0,48247.911,1000 USD
https://www.nso.gov.vn/en/data-and-statistics/2019/11/preliminary-exports-and-imports-in-2018/,https://www.nso.gov.vn/wp-content/uploads/2019/11/E1-2018.xls,2018,3,export,"Auxiliary materials for textile, garment, leather, footwear",textile_garment_leather_footwear_materials_auxiliaries,169099568.0,169099.568,1000 USD
https://www.nso.gov.vn/en/data-and-statistics/2019/11/preliminary-exports-and-imports-in-2018/,https://www.nso.gov.vn/wp-content/uploads/2019/11/E1-2018.xls,2018,3,export,"Textile, sewing products",textiles_and_garments_or_sewing_products,2310199718.0000005,2310199.7180000003,1000 USD
https://www.nso.gov.vn/en/data-and-statistics/2019/11/preliminary-exports-and-imports-in-2018/,https://www.nso.gov.vn/wp-content/uploads/2019/11/E2-2018.xls,2018,3,import,Cotton,cotton,285991427.99999994,285991.42799999996,1000 USD
https://www.nso.gov.vn/en/data-and-statistics/2019/11/preliminary-exports-and-imports-in-2018/,https://www.nso.gov.vn/wp-content/uploads/2019/11/E2-2018.xls,2018,3,import,Textile fibrics,fabrics,885679682.0,885679.682,1000 USD
https://www.nso.gov.vn/en/data-and-statistics/2019/11/preliminary-exports-and-imports-in-2018/,https://www.nso.gov.vn/wp-content/uploads/2019/11/E2-2018.xls,2018,3,import,"Fibres, not spun",fibres_not_spun,198720074.99999997,198720.07499999998,1000 USD
https://www.nso.gov.vn/en/data-and-statistics/2019/11/preliminary-exports-and-imports-in-2018/,https://www.nso.gov.vn/wp-content/uploads/2019/11/E2-2018.xls,2018,3,import,"Auxiliary materials for textile, garment, leather, footwear",textile_garment_leather_footwear_materials_auxiliaries,489366496.0000002,489366.49600000016,1000 USD
https://www.nso.gov.vn/en/data-and-statistics/2019/11/preliminary-exports-and-imports-in-2018/,https://www.nso.gov.vn/wp-content/uploads/2019/11/E1-2018.xls,2018,4,export,"Fibres, not spun",fibres_not_spun,312041551.0000001,312041.5510000001,1000 USD
https://www.nso.gov.vn/en/data-and-statistics/2019/11/preliminary-exports-and-imports-in-2018/,https://www.nso.gov.vn/wp-content/uploads/2019/11/E1-2018.xls,2018,4,export,Pieces of cloth and other technical cloths,technical_cloths,44687571.999999985,44687.571999999986,1000 USD
https://www.nso.gov.vn/en/data-and-statistics/2019/11/preliminary-exports-and-imports-in-2018/,https://www.nso.gov.vn/wp-content/uploads/2019/11/E1-2018.xls,2018,4,export,"Auxiliary materials for textile, garment, leather, footwear",textile_garment_leather_footwear_materials_auxiliaries,165950408.0,165950.408,1000 USD
https://www.nso.gov.vn/en/data-and-statistics/2019/11/preliminary-exports-and-imports-in-2018/,https://www.nso.gov.vn/wp-content/uploads/2019/11/E1-2018.xls,2018,4,export,"Textile, sewing products",textiles_and_garments_or_sewing_products,2106846592.0000002,2106846.592,1000 USD
https://www.nso.gov.vn/en/data-and-statistics/2019/11/preliminary-exports-and-imports-in-2018/,https://www.nso.gov.vn/wp-content/uploads/2019/11/E2-2018.xls,2018,4,import,Cotton,cotton,232275111.00000003,232275.11100000003,1000 USD
https://www.nso.gov.vn/en/data-and-statistics/2019/11/preliminary-exports-and-imports-in-2018/,https://www.nso.gov.vn/wp-content/uploads/2019/11/E2-2018.xls,2018,4,import,Textile fibrics,fabrics,1097695631.0,1097695.631,1000 USD
https://www.nso.gov.vn/en/data-and-statistics/2019/11/preliminary-exports-and-imports-in-2018/,https://www.nso.gov.vn/wp-content/uploads/2019/11/E2-2018.xls,2018,4,import,"Fibres, not spun",fibres_not_spun,181188253.99999997,181188.25399999996,1000 USD
https://www.nso.gov.vn/en/data-and-statistics/2019/11/preliminary-exports-and-imports-in-2018/,https://www.nso.gov.vn/wp-content/uploads/2019/11/E2-2018.xls,2018,4,import,"Auxiliary materials for textile, garment, leather, footwear",textile_garment_leather_footwear_materials_auxiliaries,496375453.9999999,496375.4539999999,1000 USD
https://www.nso.gov.vn/en/data-and-statistics/2019/11/preliminary-exports-and-imports-in-2018/,https://www.nso.gov.vn/wp-content/uploads/2019/11/E1-2018.xls,2018,5,export,"Fibres, not spun",fibres_not_spun,402141973.0,402141.973,1000 USD
https://www.nso.gov.vn/en/data-and-statistics/2019/11/preliminary-exports-and-imports-in-2018/,https://www.nso.gov.vn/wp-content/uploads/2019/11/E1-2018.xls,2018,5,export,Pieces of cloth and other technical cloths,technical_cloths,45972553.000000015,45972.553000000014,1000 USD
https://www.nso.gov.vn/en/data-and-statistics/2019/11/preliminary-exports-and-imports-in-2018/,https://www.nso.gov.vn/wp-content/uploads/2019/11/E1-2018.xls,2018,5,export,"Auxiliary materials for textile, garment, leather, footwear",textile_garment_leather_footwear_materials_auxiliaries,180092548.00000006,180092.54800000007,1000 USD
https://www.nso.gov.vn/en/data-and-statistics/2019/11/preliminary-exports-and-imports-in-2018/,https://www.nso.gov.vn/wp-content/uploads/2019/11/E1-2018.xls,2018,5,export,"Textile, sewing products",textiles_and_garments_or_sewing_products,2382486731.999999,2382486.731999999,1000 USD
https://www.nso.gov.vn/en/data-and-statistics/2019/11/preliminary-exports-and-imports-in-2018/,https://www.nso.gov.vn/wp-content/uploads/2019/11/E2-2018.xls,2018,5,import,Cotton,cotton,296252079.99999994,296252.07999999996,1000 USD
https://www.nso.gov.vn/en/data-and-statistics/2019/11/preliminary-exports-and-imports-in-2018/,https://www.nso.gov.vn/wp-content/uploads/2019/11/E2-2018.xls,2018,5,import,Textile fibrics,fabrics,1365705511.0000005,1365705.5110000004,1000 USD
https://www.nso.gov.vn/en/data-and-statistics/2019/11/preliminary-exports-and-imports-in-2018/,https://www.nso.gov.vn/wp-content/uploads/2019/11/E2-2018.xls,2018,5,import,"Fibres, not spun",fibres_not_spun,252223214.99999997,252223.21499999997,1000 USD
https://www.nso.gov.vn/en/data-and-statistics/2019/11/preliminary-exports-and-imports-in-2018/,https://www.nso.gov.vn/wp-content/uploads/2019/11/E2-2018.xls,2018,5,import,"Auxiliary materials for textile, garment, leather, footwear",textile_garment_leather_footwear_materials_auxiliaries,592288032.0000001,592288.0320000001,1000 USD
https://www.nso.gov.vn/en/data-and-statistics/2019/11/preliminary-exports-and-imports-in-2018/,https://www.nso.gov.vn/wp-content/uploads/2019/11/E1-2018.xls,2018,6,export,"Fibres, not spun",fibres_not_spun,363319038.9999999,363319.0389999999,1000 USD
https://www.nso.gov.vn/en/data-and-statistics/2019/11/preliminary-exports-and-imports-in-2018/,https://www.nso.gov.vn/wp-content/uploads/2019/11/E1-2018.xls,2018,6,export,Pieces of cloth and other technical cloths,technical_cloths,42728038.99999999,42728.03899999999,1000 USD
https://www.nso.gov.vn/en/data-and-statistics/2019/11/preliminary-exports-and-imports-in-2018/,https://www.nso.gov.vn/wp-content/uploads/2019/11/E1-2018.xls,2018,6,export,"Auxiliary materials for textile, garment, leather, footwear",textile_garment_leather_footwear_materials_auxiliaries,154935973.99999994,154935.97399999993,1000 USD
https://www.nso.gov.vn/en/data-and-statistics/2019/11/preliminary-exports-and-imports-in-2018/,https://www.nso.gov.vn/wp-content/uploads/2019/11/E1-2018.xls,2018,6,export,"Textile, sewing products",textiles_and_garments_or_sewing_products,2727293894.0000014,2727293.8940000013,1000 USD
https://www.nso.gov.vn/en/data-and-statistics/2019/11/preliminary-exports-and-imports-in-2018/,https://www.nso.gov.vn/wp-content/uploads/2019/11/E2-2018.xls,2018,6,import,Cotton,cotton,279237863.0000001,279237.8630000001,1000 USD
https://www.nso.gov.vn/en/data-and-statistics/2019/11/preliminary-exports-and-imports-in-2018/,https://www.nso.gov.vn/wp-content/uploads/2019/11/E2-2018.xls,2018,6,import,Textile fibrics,fabrics,1142259398.9999993,1142259.3989999993,1000 USD
https://www.nso.gov.vn/en/data-and-statistics/2019/11/preliminary-exports-and-imports-in-2018/,https://www.nso.gov.vn/wp-content/uploads/2019/11/E2-2018.xls,2018,6,import,"Fibres, not spun",fibres_not_spun,197856515.00000012,197856.51500000013,1000 USD
https://www.nso.gov.vn/en/data-and-statistics/2019/11/preliminary-exports-and-imports-in-2018/,https://www.nso.gov.vn/wp-content/uploads/2019/11/E2-2018.xls,2018,6,import,"Auxiliary materials for textile, garment, leather, footwear",textile_garment_leather_footwear_materials_auxiliaries,493393088.9999997,493393.0889999997,1000 USD
https://www.nso.gov.vn/en/data-and-statistics/2019/11/preliminary-exports-and-imports-in-2018/,https://www.nso.gov.vn/wp-content/uploads/2019/11/E1-2018.xls,2018,7,export,"Fibres, not spun",fibres_not_spun,345574369.9999999,345574.3699999999,1000 USD
https://www.nso.gov.vn/en/data-and-statistics/2019/11/preliminary-exports-and-imports-in-2018/,https://www.nso.gov.vn/wp-content/uploads/2019/11/E1-2018.xls,2018,7,export,Pieces of cloth and other technical cloths,technical_cloths,43898459.00000006,43898.45900000006,1000 USD
https://www.nso.gov.vn/en/data-and-statistics/2019/11/preliminary-exports-and-imports-in-2018/,https://www.nso.gov.vn/wp-content/uploads/2019/11/E1-2018.xls,2018,7,export,"Auxiliary materials for textile, garment, leather, footwear",textile_garment_leather_footwear_materials_auxiliaries,167425208.99999985,167425.20899999986,1000 USD
https://www.nso.gov.vn/en/data-and-statistics/2019/11/preliminary-exports-and-imports-in-2018/,https://www.nso.gov.vn/wp-content/uploads/2019/11/E1-2018.xls,2018,7,export,"Textile, sewing products",textiles_and_garments_or_sewing_products,2880791408.0,2880791.408,1000 USD
https://www.nso.gov.vn/en/data-and-statistics/2019/11/preliminary-exports-and-imports-in-2018/,https://www.nso.gov.vn/wp-content/uploads/2019/11/E2-2018.xls,2018,7,import,Cotton,cotton,326635534.0,326635.534,1000 USD
https://www.nso.gov.vn/en/data-and-statistics/2019/11/preliminary-exports-and-imports-in-2018/,https://www.nso.gov.vn/wp-content/uploads/2019/11/E2-2018.xls,2018,7,import,Textile fibrics,fabrics,1120057672.0000002,1120057.6720000003,1000 USD
https://www.nso.gov.vn/en/data-and-statistics/2019/11/preliminary-exports-and-imports-in-2018/,https://www.nso.gov.vn/wp-content/uploads/2019/11/E2-2018.xls,2018,7,import,"Fibres, not spun",fibres_not_spun,204530403.99999985,204530.40399999986,1000 USD
https://www.nso.gov.vn/en/data-and-statistics/2019/11/preliminary-exports-and-imports-in-2018/,https://www.nso.gov.vn/wp-content/uploads/2019/11/E2-2018.xls,2018,7,import,"Auxiliary materials for textile, garment, leather, footwear",textile_garment_leather_footwear_materials_auxiliaries,501031355.0,501031.355,1000 USD
https://www.nso.gov.vn/en/data-and-statistics/2019/11/preliminary-exports-and-imports-in-2018/,https://www.nso.gov.vn/wp-content/uploads/2019/11/E1-2018.xls,2018,8,export,"Fibres, not spun",fibres_not_spun,348879828.00000024,348879.8280000002,1000 USD
https://www.nso.gov.vn/en/data-and-statistics/2019/11/preliminary-exports-and-imports-in-2018/,https://www.nso.gov.vn/wp-content/uploads/2019/11/E1-2018.xls,2018,8,export,Pieces of cloth and other technical cloths,technical_cloths,47088364.99999999,47088.36499999999,1000 USD
https://www.nso.gov.vn/en/data-and-statistics/2019/11/preliminary-exports-and-imports-in-2018/,https://www.nso.gov.vn/wp-content/uploads/2019/11/E1-2018.xls,2018,8,export,"Auxiliary materials for textile, garment, leather, footwear",textile_garment_leather_footwear_materials_auxiliaries,174128975.0000001,174128.9750000001,1000 USD
https://www.nso.gov.vn/en/data-and-statistics/2019/11/preliminary-exports-and-imports-in-2018/,https://www.nso.gov.vn/wp-content/uploads/2019/11/E1-2018.xls,2018,8,export,"Textile, sewing products",textiles_and_garments_or_sewing_products,3238397309.9999986,3238397.3099999987,1000 USD
https://www.nso.gov.vn/en/data-and-statistics/2019/11/preliminary-exports-and-imports-in-2018/,https://www.nso.gov.vn/wp-content/uploads/2019/11/E2-2018.xls,2018,8,import,Cotton,cotton,282922131.00000006,282922.13100000005,1000 USD
https://www.nso.gov.vn/en/data-and-statistics/2019/11/preliminary-exports-and-imports-in-2018/,https://www.nso.gov.vn/wp-content/uploads/2019/11/E2-2018.xls,2018,8,import,Textile fibrics,fabrics,1017222845.9999999,1017222.8459999999,1000 USD
https://www.nso.gov.vn/en/data-and-statistics/2019/11/preliminary-exports-and-imports-in-2018/,https://www.nso.gov.vn/wp-content/uploads/2019/11/E2-2018.xls,2018,8,import,"Fibres, not spun",fibres_not_spun,220714739.00000006,220714.73900000006,1000 USD
https://www.nso.gov.vn/en/data-and-statistics/2019/11/preliminary-exports-and-imports-in-2018/,https://www.nso.gov.vn/wp-content/uploads/2019/11/E2-2018.xls,2018,8,import,"Auxiliary materials for textile, garment, leather, footwear",textile_garment_leather_footwear_materials_auxiliaries,475502753.0,475502.753,1000 USD
https://www.nso.gov.vn/en/data-and-statistics/2019/11/preliminary-exports-and-imports-in-2018/,https://www.nso.gov.vn/wp-content/uploads/2019/11/E1-2018.xls,2018,9,export,"Fibres, not spun",fibres_not_spun,310780754.9999999,310780.7549999999,1000 USD
https://www.nso.gov.vn/en/data-and-statistics/2019/11/preliminary-exports-and-imports-in-2018/,https://www.nso.gov.vn/wp-content/uploads/2019/11/E1-2018.xls,2018,9,export,Pieces of cloth and other technical cloths,technical_cloths,41929382.99999997,41929.38299999997,1000 USD
https://www.nso.gov.vn/en/data-and-statistics/2019/11/preliminary-exports-and-imports-in-2018/,https://www.nso.gov.vn/wp-content/uploads/2019/11/E1-2018.xls,2018,9,export,"Auxiliary materials for textile, garment, leather, footwear",textile_garment_leather_footwear_materials_auxiliaries,147990415.00000003,147990.41500000004,1000 USD
https://www.nso.gov.vn/en/data-and-statistics/2019/11/preliminary-exports-and-imports-in-2018/,https://www.nso.gov.vn/wp-content/uploads/2019/11/E1-2018.xls,2018,9,export,"Textile, sewing products",textiles_and_garments_or_sewing_products,2689559011.0,2689559.011,1000 USD
https://www.nso.gov.vn/en/data-and-statistics/2019/11/preliminary-exports-and-imports-in-2018/,https://www.nso.gov.vn/wp-content/uploads/2019/11/E2-2018.xls,2018,9,import,Cotton,cotton,214439788.99999988,214439.78899999987,1000 USD
https://www.nso.gov.vn/en/data-and-statistics/2019/11/preliminary-exports-and-imports-in-2018/,https://www.nso.gov.vn/wp-content/uploads/2019/11/E2-2018.xls,2018,9,import,Textile fibrics,fabrics,1002335061.0000007,1002335.0610000007,1000 USD
https://www.nso.gov.vn/en/data-and-statistics/2019/11/preliminary-exports-and-imports-in-2018/,https://www.nso.gov.vn/wp-content/uploads/2019/11/E2-2018.xls,2018,9,import,"Fibres, not spun",fibres_not_spun,200112510.99999994,200112.51099999994,1000 USD
https://www.nso.gov.vn/en/data-and-statistics/2019/11/preliminary-exports-and-imports-in-2018/,https://www.nso.gov.vn/wp-content/uploads/2019/11/E2-2018.xls,2018,9,import,"Auxiliary materials for textile, garment, leather, footwear",textile_garment_leather_footwear_materials_auxiliaries,469417084.00000024,469417.08400000026,1000 USD
https://www.nso.gov.vn/en/data-and-statistics/2019/11/preliminary-exports-and-imports-in-2018/,https://www.nso.gov.vn/wp-content/uploads/2019/11/E1-2018.xls,2018,10,export,"Fibres, not spun",fibres_not_spun,335294464.0000002,335294.46400000015,1000 USD
https://www.nso.gov.vn/en/data-and-statistics/2019/11/preliminary-exports-and-imports-in-2018/,https://www.nso.gov.vn/wp-content/uploads/2019/11/E1-2018.xls,2018,10,export,Pieces of cloth and other technical cloths,technical_cloths,43915940.99999999,43915.94099999999,1000 USD
https://www.nso.gov.vn/en/data-and-statistics/2019/11/preliminary-exports-and-imports-in-2018/,https://www.nso.gov.vn/wp-content/uploads/2019/11/E1-2018.xls,2018,10,export,"Auxiliary materials for textile, garment, leather, footwear",textile_garment_leather_footwear_materials_auxiliaries,166129124.00000006,166129.12400000007,1000 USD
https://www.nso.gov.vn/en/data-and-statistics/2019/11/preliminary-exports-and-imports-in-2018/,https://www.nso.gov.vn/wp-content/uploads/2019/11/E1-2018.xls,2018,10,export,"Textile, sewing products",textiles_and_garments_or_sewing_products,2720939422.000002,2720939.422000002,1000 USD
https://www.nso.gov.vn/en/data-and-statistics/2019/11/preliminary-exports-and-imports-in-2018/,https://www.nso.gov.vn/wp-content/uploads/2019/11/E2-2018.xls,2018,10,import,Cotton,cotton,206728277.00000024,206728.27700000023,1000 USD
https://www.nso.gov.vn/en/data-and-statistics/2019/11/preliminary-exports-and-imports-in-2018/,https://www.nso.gov.vn/wp-content/uploads/2019/11/E2-2018.xls,2018,10,import,Textile fibrics,fabrics,1151318735.9999995,1151318.7359999996,1000 USD
https://www.nso.gov.vn/en/data-and-statistics/2019/11/preliminary-exports-and-imports-in-2018/,https://www.nso.gov.vn/wp-content/uploads/2019/11/E2-2018.xls,2018,10,import,"Fibres, not spun",fibres_not_spun,222179398.00000006,222179.39800000004,1000 USD
https://www.nso.gov.vn/en/data-and-statistics/2019/11/preliminary-exports-and-imports-in-2018/,https://www.nso.gov.vn/wp-content/uploads/2019/11/E2-2018.xls,2018,10,import,"Auxiliary materials for textile, garment, leather, footwear",textile_garment_leather_footwear_materials_auxiliaries,524218509.99999976,524218.5099999998,1000 USD
https://www.nso.gov.vn/en/data-and-statistics/2019/11/preliminary-exports-and-imports-in-2018/,https://www.nso.gov.vn/wp-content/uploads/2019/11/E1-2018.xls,2018,11,export,"Fibres, not spun",fibres_not_spun,344531966.9999997,344531.9669999997,1000 USD
https://www.nso.gov.vn/en/data-and-statistics/2019/11/preliminary-exports-and-imports-in-2018/,https://www.nso.gov.vn/wp-content/uploads/2019/11/E1-2018.xls,2018,11,export,Pieces of cloth and other technical cloths,technical_cloths,47446538.99999999,47446.53899999999,1000 USD
https://www.nso.gov.vn/en/data-and-statistics/2019/11/preliminary-exports-and-imports-in-2018/,https://www.nso.gov.vn/wp-content/uploads/2019/11/E1-2018.xls,2018,11,export,"Auxiliary materials for textile, garment, leather, footwear",textile_garment_leather_footwear_materials_auxiliaries,152688404.9999998,152688.4049999998,1000 USD
https://www.nso.gov.vn/en/data-and-statistics/2019/11/preliminary-exports-and-imports-in-2018/,https://www.nso.gov.vn/wp-content/uploads/2019/11/E1-2018.xls,2018,11,export,"Textile, sewing products",textiles_and_garments_or_sewing_products,2525419592.0,2525419.592,1000 USD
https://www.nso.gov.vn/en/data-and-statistics/2019/11/preliminary-exports-and-imports-in-2018/,https://www.nso.gov.vn/wp-content/uploads/2019/11/E2-2018.xls,2018,11,import,Cotton,cotton,205200515.99999982,205200.51599999983,1000 USD
https://www.nso.gov.vn/en/data-and-statistics/2019/11/preliminary-exports-and-imports-in-2018/,https://www.nso.gov.vn/wp-content/uploads/2019/11/E2-2018.xls,2018,11,import,Textile fibrics,fabrics,1151516791.9999995,1151516.7919999994,1000 USD
https://www.nso.gov.vn/en/data-and-statistics/2019/11/preliminary-exports-and-imports-in-2018/,https://www.nso.gov.vn/wp-content/uploads/2019/11/E2-2018.xls,2018,11,import,"Fibres, not spun",fibres_not_spun,209182338.9999999,209182.33899999992,1000 USD
https://www.nso.gov.vn/en/data-and-statistics/2019/11/preliminary-exports-and-imports-in-2018/,https://www.nso.gov.vn/wp-content/uploads/2019/11/E2-2018.xls,2018,11,import,"Auxiliary materials for textile, garment, leather, footwear",textile_garment_leather_footwear_materials_auxiliaries,487705775.00000036,487705.7750000004,1000 USD
https://www.nso.gov.vn/en/data-and-statistics/2019/11/preliminary-exports-and-imports-in-2018/,https://www.nso.gov.vn/wp-content/uploads/2019/11/E1-2018.xls,2018,12,export,"Fibres, not spun",fibres_not_spun,348237202.00000006,348237.20200000005,1000 USD
https://www.nso.gov.vn/en/data-and-statistics/2019/11/preliminary-exports-and-imports-in-2018/,https://www.nso.gov.vn/wp-content/uploads/2019/11/E1-2018.xls,2018,12,export,"Fibres, not spun",fibres_not_spun,4025058397.0,4025058.397,1000 USD
https://www.nso.gov.vn/en/data-and-statistics/2019/11/preliminary-exports-and-imports-in-2018/,https://www.nso.gov.vn/wp-content/uploads/2019/11/E1-2018.xls,2018,12,export,Pieces of cloth and other technical cloths,technical_cloths,39998034.000000045,39998.03400000004,1000 USD
https://www.nso.gov.vn/en/data-and-statistics/2019/11/preliminary-exports-and-imports-in-2018/,https://www.nso.gov.vn/wp-content/uploads/2019/11/E1-2018.xls,2018,12,export,Pieces of cloth and other technical cloths,technical_cloths,529653292.0,529653.292,1000 USD
https://www.nso.gov.vn/en/data-and-statistics/2019/11/preliminary-exports-and-imports-in-2018/,https://www.nso.gov.vn/wp-content/uploads/2019/11/E1-2018.xls,2018,12,export,"Auxiliary materials for textile, garment, leather, footwear",textile_garment_leather_footwear_materials_auxiliaries,147155429.0,147155.429,1000 USD
https://www.nso.gov.vn/en/data-and-statistics/2019/11/preliminary-exports-and-imports-in-2018/,https://www.nso.gov.vn/wp-content/uploads/2019/11/E1-2018.xls,2018,12,export,"Auxiliary materials for textile, garment, leather, footwear",textile_garment_leather_footwear_materials_auxiliaries,1902590255.0,1902590.255,1000 USD
https://www.nso.gov.vn/en/data-and-statistics/2019/11/preliminary-exports-and-imports-in-2018/,https://www.nso.gov.vn/wp-content/uploads/2019/11/E1-2018.xls,2018,12,export,"Textile, sewing products",textiles_and_garments_or_sewing_products,2791640796.0,2791640.796,1000 USD
https://www.nso.gov.vn/en/data-and-statistics/2019/11/preliminary-exports-and-imports-in-2018/,https://www.nso.gov.vn/wp-content/uploads/2019/11/E1-2018.xls,2018,12,export,"Textile, sewing products",textiles_and_garments_or_sewing_products,30488693065.0,30488693.065,1000 USD
https://www.nso.gov.vn/en/data-and-statistics/2019/11/preliminary-exports-and-imports-in-2018/,https://www.nso.gov.vn/wp-content/uploads/2019/11/E2-2018.xls,2018,12,import,Cotton,cotton,227077856.00000015,227077.85600000015,1000 USD
https://www.nso.gov.vn/en/data-and-statistics/2019/11/preliminary-exports-and-imports-in-2018/,https://www.nso.gov.vn/wp-content/uploads/2019/11/E2-2018.xls,2018,12,import,Cotton,cotton,3011130879.0,3011130.879,1000 USD
https://www.nso.gov.vn/en/data-and-statistics/2019/11/preliminary-exports-and-imports-in-2018/,https://www.nso.gov.vn/wp-content/uploads/2019/11/E2-2018.xls,2018,12,import,Textile fibrics,fabrics,1061138550.0000007,1061138.5500000007,1000 USD
https://www.nso.gov.vn/en/data-and-statistics/2019/11/preliminary-exports-and-imports-in-2018/,https://www.nso.gov.vn/wp-content/uploads/2019/11/E2-2018.xls,2018,12,import,Textile fibrics,fabrics,12774783206.0,12774783.206,1000 USD
https://www.nso.gov.vn/en/data-and-statistics/2019/11/preliminary-exports-and-imports-in-2018/,https://www.nso.gov.vn/wp-content/uploads/2019/11/E2-2018.xls,2018,12,import,"Fibres, not spun",fibres_not_spun,208097942.00000027,208097.94200000027,1000 USD
https://www.nso.gov.vn/en/data-and-statistics/2019/11/preliminary-exports-and-imports-in-2018/,https://www.nso.gov.vn/wp-content/uploads/2019/11/E2-2018.xls,2018,12,import,"Fibres, not spun",fibres_not_spun,2419020663.0,2419020.663,1000 USD
https://www.nso.gov.vn/en/data-and-statistics/2019/11/preliminary-exports-and-imports-in-2018/,https://www.nso.gov.vn/wp-content/uploads/2019/11/E2-2018.xls,2018,12,import,"Auxiliary materials for textile, garment, leather, footwear",textile_garment_leather_footwear_materials_auxiliaries,428840739.9999993,428840.7399999993,1000 USD
https://www.nso.gov.vn/en/data-and-statistics/2019/11/preliminary-exports-and-imports-in-2018/,https://www.nso.gov.vn/wp-content/uploads/2019/11/E2-2018.xls,2018,12,import,"Auxiliary materials for textile, garment, leather, footwear",textile_garment_leather_footwear_materials_auxiliaries,5709371037.0,5709371.037,1000 USD
https://www.nso.gov.vn/en/data-and-statistics/2019/11/preliminary-exports-and-imports-of-goods-by-main-countries-and-territories-in-2019/,https://www.nso.gov.vn/wp-content/uploads/2019/11/E1-2019-3.xls,2019,1,export,"Fibres, not spun",fibres_not_spun,355045055.0,355045.055,1000 USD
https://www.nso.gov.vn/en/data-and-statistics/2019/11/preliminary-exports-and-imports-of-goods-by-main-countries-and-territories-in-2019/,https://www.nso.gov.vn/wp-content/uploads/2019/11/E1-2019-3.xls,2019,1,export,Pieces of cloth and other technical cloths,technical_cloths,53432388.0,53432.388,1000 USD
https://www.nso.gov.vn/en/data-and-statistics/2019/11/preliminary-exports-and-imports-of-goods-by-main-countries-and-territories-in-2019/,https://www.nso.gov.vn/wp-content/uploads/2019/11/E1-2019-3.xls,2019,1,export,"Auxiliary materials for textile, garment, leather, footwear",textile_garment_leather_footwear_materials_auxiliaries,165141569.99999997,165141.56999999998,1000 USD
https://www.nso.gov.vn/en/data-and-statistics/2019/11/preliminary-exports-and-imports-of-goods-by-main-countries-and-territories-in-2019/,https://www.nso.gov.vn/wp-content/uploads/2019/11/E1-2019-3.xls,2019,1,export,"Textile, sewing products",textiles_and_garments_or_sewing_products,3294071981.0,3294071.981,1000 USD
https://www.nso.gov.vn/en/data-and-statistics/2019/11/preliminary-exports-and-imports-of-goods-by-main-countries-and-territories-in-2019/,https://www.nso.gov.vn/wp-content/uploads/2019/11/E2-2019-4.xls,2019,1,import,Cotton,cotton,260646545.0,260646.545,1000 USD
https://www.nso.gov.vn/en/data-and-statistics/2019/11/preliminary-exports-and-imports-of-goods-by-main-countries-and-territories-in-2019/,https://www.nso.gov.vn/wp-content/uploads/2019/11/E2-2019-4.xls,2019,1,import,Textile fibrics,fabrics,1157731006.0,1157731.006,1000 USD
https://www.nso.gov.vn/en/data-and-statistics/2019/11/preliminary-exports-and-imports-of-goods-by-main-countries-and-territories-in-2019/,https://www.nso.gov.vn/wp-content/uploads/2019/11/E2-2019-4.xls,2019,1,import,"Fibres, not spun",fibres_not_spun,211323713.0,211323.713,1000 USD
https://www.nso.gov.vn/en/data-and-statistics/2019/11/preliminary-exports-and-imports-of-goods-by-main-countries-and-territories-in-2019/,https://www.nso.gov.vn/wp-content/uploads/2019/11/E2-2019-4.xls,2019,1,import,"Auxiliary materials for textile, garment, leather, footwear",textile_garment_leather_footwear_materials_auxiliaries,478429566.0,478429.566,1000 USD
https://www.nso.gov.vn/en/data-and-statistics/2019/11/preliminary-exports-and-imports-of-goods-by-main-countries-and-territories-in-2019/,https://www.nso.gov.vn/wp-content/uploads/2019/11/E1-2019-3.xls,2019,2,export,"Fibres, not spun",fibres_not_spun,267866026.0,267866.026,1000 USD
https://www.nso.gov.vn/en/data-and-statistics/2019/11/preliminary-exports-and-imports-of-goods-by-main-countries-and-territories-in-2019/,https://www.nso.gov.vn/wp-content/uploads/2019/11/E1-2019-3.xls,2019,2,export,Pieces of cloth and other technical cloths,technical_cloths,45714540.0,45714.54,1000 USD
https://www.nso.gov.vn/en/data-and-statistics/2019/11/preliminary-exports-and-imports-of-goods-by-main-countries-and-territories-in-2019/,https://www.nso.gov.vn/wp-content/uploads/2019/11/E1-2019-3.xls,2019,2,export,"Auxiliary materials for textile, garment, leather, footwear",textile_garment_leather_footwear_materials_auxiliaries,97500410.0,97500.41,1000 USD
https://www.nso.gov.vn/en/data-and-statistics/2019/11/preliminary-exports-and-imports-of-goods-by-main-countries-and-territories-in-2019/,https://www.nso.gov.vn/wp-content/uploads/2019/11/E1-2019-3.xls,2019,2,export,"Textile, sewing products",textiles_and_garments_or_sewing_products,1305399926.9999998,1305399.9269999997,1000 USD
https://www.nso.gov.vn/en/data-and-statistics/2019/11/preliminary-exports-and-imports-of-goods-by-main-countries-and-territories-in-2019/,https://www.nso.gov.vn/wp-content/uploads/2019/11/E2-2019-4.xls,2019,2,import,Cotton,cotton,167667068.0,167667.068,1000 USD
https://www.nso.gov.vn/en/data-and-statistics/2019/11/preliminary-exports-and-imports-of-goods-by-main-countries-and-territories-in-2019/,https://www.nso.gov.vn/wp-content/uploads/2019/11/E2-2019-4.xls,2019,2,import,Textile fibrics,fabrics,632692028.9999999,632692.0289999999,1000 USD
https://www.nso.gov.vn/en/data-and-statistics/2019/11/preliminary-exports-and-imports-of-goods-by-main-countries-and-territories-in-2019/,https://www.nso.gov.vn/wp-content/uploads/2019/11/E2-2019-4.xls,2019,2,import,"Fibres, not spun",fibres_not_spun,127770992.00000003,127770.99200000003,1000 USD
https://www.nso.gov.vn/en/data-and-statistics/2019/11/preliminary-exports-and-imports-of-goods-by-main-countries-and-territories-in-2019/,https://www.nso.gov.vn/wp-content/uploads/2019/11/E2-2019-4.xls,2019,2,import,"Auxiliary materials for textile, garment, leather, footwear",textile_garment_leather_footwear_materials_auxiliaries,326603490.0,326603.49,1000 USD
https://www.nso.gov.vn/en/data-and-statistics/2019/11/preliminary-exports-and-imports-of-goods-by-main-countries-and-territories-in-2019/,https://www.nso.gov.vn/wp-content/uploads/2019/11/E1-2019-3.xls,2019,3,export,"Fibres, not spun",fibres_not_spun,367934533.99999994,367934.5339999999,1000 USD
https://www.nso.gov.vn/en/data-and-statistics/2019/11/preliminary-exports-and-imports-of-goods-by-main-countries-and-territories-in-2019/,https://www.nso.gov.vn/wp-content/uploads/2019/11/E1-2019-3.xls,2019,3,export,Pieces of cloth and other technical cloths,technical_cloths,54830231.00000001,54830.23100000001,1000 USD
https://www.nso.gov.vn/en/data-and-statistics/2019/11/preliminary-exports-and-imports-of-goods-by-main-countries-and-territories-in-2019/,https://www.nso.gov.vn/wp-content/uploads/2019/11/E1-2019-3.xls,2019,3,export,"Auxiliary materials for textile, garment, leather, footwear",textile_garment_leather_footwear_materials_auxiliaries,173186840.00000003,173186.84000000003,1000 USD
https://www.nso.gov.vn/en/data-and-statistics/2019/11/preliminary-exports-and-imports-of-goods-by-main-countries-and-territories-in-2019/,https://www.nso.gov.vn/wp-content/uploads/2019/11/E1-2019-3.xls,2019,3,export,"Textile, sewing products",textiles_and_garments_or_sewing_products,2526658494.9999995,2526658.4949999996,1000 USD
https://www.nso.gov.vn/en/data-and-statistics/2019/11/preliminary-exports-and-imports-of-goods-by-main-countries-and-territories-in-2019/,https://www.nso.gov.vn/wp-content/uploads/2019/11/E2-2019-4.xls,2019,3,import,Cotton,cotton,282302638.99999994,282302.63899999997,1000 USD
https://www.nso.gov.vn/en/data-and-statistics/2019/11/preliminary-exports-and-imports-of-goods-by-main-countries-and-territories-in-2019/,https://www.nso.gov.vn/wp-content/uploads/2019/11/E2-2019-4.xls,2019,3,import,Textile fibrics,fabrics,1081692410.0000002,1081692.4100000001,1000 USD
https://www.nso.gov.vn/en/data-and-statistics/2019/11/preliminary-exports-and-imports-of-goods-by-main-countries-and-territories-in-2019/,https://www.nso.gov.vn/wp-content/uploads/2019/11/E2-2019-4.xls,2019,3,import,"Fibres, not spun",fibres_not_spun,225797467.99999994,225797.46799999994,1000 USD
https://www.nso.gov.vn/en/data-and-statistics/2019/11/preliminary-exports-and-imports-of-goods-by-main-countries-and-territories-in-2019/,https://www.nso.gov.vn/wp-content/uploads/2019/11/E2-2019-4.xls,2019,3,import,"Auxiliary materials for textile, garment, leather, footwear",textile_garment_leather_footwear_materials_auxiliaries,523969610.99999994,523969.6109999999,1000 USD
https://www.nso.gov.vn/en/data-and-statistics/2019/11/preliminary-exports-and-imports-of-goods-by-main-countries-and-territories-in-2019/,https://www.nso.gov.vn/wp-content/uploads/2019/11/E1-2019-3.xls,2019,4,export,"Fibres, not spun",fibres_not_spun,352427425.0,352427.425,1000 USD
https://www.nso.gov.vn/en/data-and-statistics/2019/11/preliminary-exports-and-imports-of-goods-by-main-countries-and-territories-in-2019/,https://www.nso.gov.vn/wp-content/uploads/2019/11/E1-2019-3.xls,2019,4,export,Pieces of cloth and other technical cloths,technical_cloths,54165289.999999985,54165.289999999986,1000 USD
https://www.nso.gov.vn/en/data-and-statistics/2019/11/preliminary-exports-and-imports-of-goods-by-main-countries-and-territories-in-2019/,https://www.nso.gov.vn/wp-content/uploads/2019/11/E1-2019-3.xls,2019,4,export,"Auxiliary materials for textile, garment, leather, footwear",textile_garment_leather_footwear_materials_auxiliaries,163675431.00000006,163675.43100000007,1000 USD
https://www.nso.gov.vn/en/data-and-statistics/2019/11/preliminary-exports-and-imports-of-goods-by-main-countries-and-territories-in-2019/,https://www.nso.gov.vn/wp-content/uploads/2019/11/E1-2019-3.xls,2019,4,export,"Textile, sewing products",textiles_and_garments_or_sewing_products,2335191790.0000014,2335191.7900000014,1000 USD
https://www.nso.gov.vn/en/data-and-statistics/2019/11/preliminary-exports-and-imports-of-goods-by-main-countries-and-territories-in-2019/,https://www.nso.gov.vn/wp-content/uploads/2019/11/E2-2019-4.xls,2019,4,import,Cotton,cotton,259939179.00000003,259939.17900000003,1000 USD
https://www.nso.gov.vn/en/data-and-statistics/2019/11/preliminary-exports-and-imports-of-goods-by-main-countries-and-territories-in-2019/,https://www.nso.gov.vn/wp-content/uploads/2019/11/E2-2019-4.xls,2019,4,import,Textile fibrics,fabrics,1206866393.0000002,1206866.3930000002,1000 USD
https://www.nso.gov.vn/en/data-and-statistics/2019/11/preliminary-exports-and-imports-of-goods-by-main-countries-and-territories-in-2019/,https://www.nso.gov.vn/wp-content/uploads/2019/11/E2-2019-4.xls,2019,4,import,"Fibres, not spun",fibres_not_spun,211842016.00000012,211842.01600000012,1000 USD
https://www.nso.gov.vn/en/data-and-statistics/2019/11/preliminary-exports-and-imports-of-goods-by-main-countries-and-territories-in-2019/,https://www.nso.gov.vn/wp-content/uploads/2019/11/E2-2019-4.xls,2019,4,import,"Auxiliary materials for textile, garment, leather, footwear",textile_garment_leather_footwear_materials_auxiliaries,528119801.0000003,528119.8010000003,1000 USD
https://www.nso.gov.vn/en/data-and-statistics/2019/11/preliminary-exports-and-imports-of-goods-by-main-countries-and-territories-in-2019/,https://www.nso.gov.vn/wp-content/uploads/2019/11/E1-2019-3.xls,2019,5,export,"Fibres, not spun",fibres_not_spun,370947834.0000001,370947.8340000001,1000 USD
https://www.nso.gov.vn/en/data-and-statistics/2019/11/preliminary-exports-and-imports-of-goods-by-main-countries-and-territories-in-2019/,https://www.nso.gov.vn/wp-content/uploads/2019/11/E1-2019-3.xls,2019,5,export,Pieces of cloth and other technical cloths,technical_cloths,52552683.000000015,52552.68300000001,1000 USD
https://www.nso.gov.vn/en/data-and-statistics/2019/11/preliminary-exports-and-imports-of-goods-by-main-countries-and-territories-in-2019/,https://www.nso.gov.vn/wp-content/uploads/2019/11/E1-2019-3.xls,2019,5,export,"Auxiliary materials for textile, garment, leather, footwear",textile_garment_leather_footwear_materials_auxiliaries,179744329.99999994,179744.32999999993,1000 USD
https://www.nso.gov.vn/en/data-and-statistics/2019/11/preliminary-exports-and-imports-of-goods-by-main-countries-and-territories-in-2019/,https://www.nso.gov.vn/wp-content/uploads/2019/11/E1-2019-3.xls,2019,5,export,"Textile, sewing products",textiles_and_garments_or_sewing_products,2730828632.999999,2730828.632999999,1000 USD
https://www.nso.gov.vn/en/data-and-statistics/2019/11/preliminary-exports-and-imports-of-goods-by-main-countries-and-territories-in-2019/,https://www.nso.gov.vn/wp-content/uploads/2019/11/E2-2019-4.xls,2019,5,import,Cotton,cotton,262139028.0000001,262139.02800000008,1000 USD
https://www.nso.gov.vn/en/data-and-statistics/2019/11/preliminary-exports-and-imports-of-goods-by-main-countries-and-territories-in-2019/,https://www.nso.gov.vn/wp-content/uploads/2019/11/E2-2019-4.xls,2019,5,import,Textile fibrics,fabrics,1368025951.9999995,1368025.9519999996,1000 USD
https://www.nso.gov.vn/en/data-and-statistics/2019/11/preliminary-exports-and-imports-of-goods-by-main-countries-and-territories-in-2019/,https://www.nso.gov.vn/wp-content/uploads/2019/11/E2-2019-4.xls,2019,5,import,"Fibres, not spun",fibres_not_spun,244093291.00000003,244093.29100000003,1000 USD
https://www.nso.gov.vn/en/data-and-statistics/2019/11/preliminary-exports-and-imports-of-goods-by-main-countries-and-territories-in-2019/,https://www.nso.gov.vn/wp-content/uploads/2019/11/E2-2019-4.xls,2019,5,import,"Auxiliary materials for textile, garment, leather, footwear",textile_garment_leather_footwear_materials_auxiliaries,609287622.9999995,609287.6229999996,1000 USD
https://www.nso.gov.vn/en/data-and-statistics/2019/11/preliminary-exports-and-imports-of-goods-by-main-countries-and-territories-in-2019/,https://www.nso.gov.vn/wp-content/uploads/2019/11/E1-2019-3.xls,2019,6,export,"Fibres, not spun",fibres_not_spun,315022978.99999976,315022.97899999976,1000 USD
https://www.nso.gov.vn/en/data-and-statistics/2019/11/preliminary-exports-and-imports-of-goods-by-main-countries-and-territories-in-2019/,https://www.nso.gov.vn/wp-content/uploads/2019/11/E1-2019-3.xls,2019,6,export,Pieces of cloth and other technical cloths,technical_cloths,50325099.00000002,50325.099000000024,1000 USD
https://www.nso.gov.vn/en/data-and-statistics/2019/11/preliminary-exports-and-imports-of-goods-by-main-countries-and-territories-in-2019/,https://www.nso.gov.vn/wp-content/uploads/2019/11/E1-2019-3.xls,2019,6,export,"Auxiliary materials for textile, garment, leather, footwear",textile_garment_leather_footwear_materials_auxiliaries,178358317.99999994,178358.31799999994,1000 USD
https://www.nso.gov.vn/en/data-and-statistics/2019/11/preliminary-exports-and-imports-of-goods-by-main-countries-and-territories-in-2019/,https://www.nso.gov.vn/wp-content/uploads/2019/11/E1-2019-3.xls,2019,6,export,"Textile, sewing products",textiles_and_garments_or_sewing_products,2899580433.0000005,2899580.4330000007,1000 USD
https://www.nso.gov.vn/en/data-and-statistics/2019/11/preliminary-exports-and-imports-of-goods-by-main-countries-and-territories-in-2019/,https://www.nso.gov.vn/wp-content/uploads/2019/11/E2-2019-4.xls,2019,6,import,Cotton,cotton,257602604.99999988,257602.6049999999,1000 USD
https://www.nso.gov.vn/en/data-and-statistics/2019/11/preliminary-exports-and-imports-of-goods-by-main-countries-and-territories-in-2019/,https://www.nso.gov.vn/wp-content/uploads/2019/11/E2-2019-4.xls,2019,6,import,Textile fibrics,fabrics,1117951148.0,1117951.148,1000 USD
https://www.nso.gov.vn/en/data-and-statistics/2019/11/preliminary-exports-and-imports-of-goods-by-main-countries-and-territories-in-2019/,https://www.nso.gov.vn/wp-content/uploads/2019/11/E2-2019-4.xls,2019,6,import,"Fibres, not spun",fibres_not_spun,194742014.00000003,194742.01400000002,1000 USD
https://www.nso.gov.vn/en/data-and-statistics/2019/11/preliminary-exports-and-imports-of-goods-by-main-countries-and-territories-in-2019/,https://www.nso.gov.vn/wp-content/uploads/2019/11/E2-2019-4.xls,2019,6,import,"Auxiliary materials for textile, garment, leather, footwear",textile_garment_leather_footwear_materials_auxiliaries,464953916.00000006,464953.9160000001,1000 USD
https://www.nso.gov.vn/en/data-and-statistics/2019/11/preliminary-exports-and-imports-of-goods-by-main-countries-and-territories-in-2019/,https://www.nso.gov.vn/wp-content/uploads/2019/11/E1-2019-3.xls,2019,7,export,"Fibres, not spun",fibres_not_spun,369489948.00000006,369489.94800000003,1000 USD
https://www.nso.gov.vn/en/data-and-statistics/2019/11/preliminary-exports-and-imports-of-goods-by-main-countries-and-territories-in-2019/,https://www.nso.gov.vn/wp-content/uploads/2019/11/E1-2019-3.xls,2019,7,export,Pieces of cloth and other technical cloths,technical_cloths,49679426.99999995,49679.426999999945,1000 USD
https://www.nso.gov.vn/en/data-and-statistics/2019/11/preliminary-exports-and-imports-of-goods-by-main-countries-and-territories-in-2019/,https://www.nso.gov.vn/wp-content/uploads/2019/11/E1-2019-3.xls,2019,7,export,"Auxiliary materials for textile, garment, leather, footwear",textile_garment_leather_footwear_materials_auxiliaries,180491280.0,180491.28,1000 USD
https://www.nso.gov.vn/en/data-and-statistics/2019/11/preliminary-exports-and-imports-of-goods-by-main-countries-and-territories-in-2019/,https://www.nso.gov.vn/wp-content/uploads/2019/11/E1-2019-3.xls,2019,7,export,"Textile, sewing products",textiles_and_garments_or_sewing_products,3311054903.0000014,3311054.9030000013,1000 USD
https://www.nso.gov.vn/en/data-and-statistics/2019/11/preliminary-exports-and-imports-of-goods-by-main-countries-and-territories-in-2019/,https://www.nso.gov.vn/wp-content/uploads/2019/11/E2-2019-4.xls,2019,7,import,Cotton,cotton,239737536.0,239737.536,1000 USD
https://www.nso.gov.vn/en/data-and-statistics/2019/11/preliminary-exports-and-imports-of-goods-by-main-countries-and-territories-in-2019/,https://www.nso.gov.vn/wp-content/uploads/2019/11/E2-2019-4.xls,2019,7,import,Textile fibrics,fabrics,1157193269.0000002,1157193.2690000003,1000 USD
https://www.nso.gov.vn/en/data-and-statistics/2019/11/preliminary-exports-and-imports-of-goods-by-main-countries-and-territories-in-2019/,https://www.nso.gov.vn/wp-content/uploads/2019/11/E2-2019-4.xls,2019,7,import,"Fibres, not spun",fibres_not_spun,214697842.0,214697.842,1000 USD
https://www.nso.gov.vn/en/data-and-statistics/2019/11/preliminary-exports-and-imports-of-goods-by-main-countries-and-territories-in-2019/,https://www.nso.gov.vn/wp-content/uploads/2019/11/E2-2019-4.xls,2019,7,import,"Auxiliary materials for textile, garment, leather, footwear",textile_garment_leather_footwear_materials_auxiliaries,526146061.9999998,526146.0619999998,1000 USD
https://www.nso.gov.vn/en/data-and-statistics/2019/11/preliminary-exports-and-imports-of-goods-by-main-countries-and-territories-in-2019/,https://www.nso.gov.vn/wp-content/uploads/2019/11/E1-2019-3.xls,2019,8,export,"Fibres, not spun",fibres_not_spun,356113939.0000004,356113.9390000004,1000 USD
https://www.nso.gov.vn/en/data-and-statistics/2019/11/preliminary-exports-and-imports-of-goods-by-main-countries-and-territories-in-2019/,https://www.nso.gov.vn/wp-content/uploads/2019/11/E1-2019-3.xls,2019,8,export,Pieces of cloth and other technical cloths,technical_cloths,50273397.99999996,50273.397999999965,1000 USD
https://www.nso.gov.vn/en/data-and-statistics/2019/11/preliminary-exports-and-imports-of-goods-by-main-countries-and-territories-in-2019/,https://www.nso.gov.vn/wp-content/uploads/2019/11/E1-2019-3.xls,2019,8,export,"Auxiliary materials for textile, garment, leather, footwear",textile_garment_leather_footwear_materials_auxiliaries,192182036.00000006,192182.03600000005,1000 USD
https://www.nso.gov.vn/en/data-and-statistics/2019/11/preliminary-exports-and-imports-of-goods-by-main-countries-and-territories-in-2019/,https://www.nso.gov.vn/wp-content/uploads/2019/11/E1-2019-3.xls,2019,8,export,"Textile, sewing products",textiles_and_garments_or_sewing_products,3369103120.0000014,3369103.1200000015,1000 USD
https://www.nso.gov.vn/en/data-and-statistics/2019/11/preliminary-exports-and-imports-of-goods-by-main-countries-and-territories-in-2019/,https://www.nso.gov.vn/wp-content/uploads/2019/11/E2-2019-4.xls,2019,8,import,Cotton,cotton,181925481.99999976,181925.48199999976,1000 USD
https://www.nso.gov.vn/en/data-and-statistics/2019/11/preliminary-exports-and-imports-of-goods-by-main-countries-and-territories-in-2019/,https://www.nso.gov.vn/wp-content/uploads/2019/11/E2-2019-4.xls,2019,8,import,Textile fibrics,fabrics,997315047.0000002,997315.0470000003,1000 USD
https://www.nso.gov.vn/en/data-and-statistics/2019/11/preliminary-exports-and-imports-of-goods-by-main-countries-and-territories-in-2019/,https://www.nso.gov.vn/wp-content/uploads/2019/11/E2-2019-4.xls,2019,8,import,"Fibres, not spun",fibres_not_spun,195112881.00000012,195112.8810000001,1000 USD
https://www.nso.gov.vn/en/data-and-statistics/2019/11/preliminary-exports-and-imports-of-goods-by-main-countries-and-territories-in-2019/,https://www.nso.gov.vn/wp-content/uploads/2019/11/E2-2019-4.xls,2019,8,import,"Auxiliary materials for textile, garment, leather, footwear",textile_garment_leather_footwear_materials_auxiliaries,471578193.9999995,471578.19399999955,1000 USD
https://www.nso.gov.vn/en/data-and-statistics/2019/11/preliminary-exports-and-imports-of-goods-by-main-countries-and-territories-in-2019/,https://www.nso.gov.vn/wp-content/uploads/2019/11/E1-2019-3.xls,2019,9,export,"Fibres, not spun",fibres_not_spun,334011213.0000002,334011.21300000016,1000 USD
https://www.nso.gov.vn/en/data-and-statistics/2019/11/preliminary-exports-and-imports-of-goods-by-main-countries-and-territories-in-2019/,https://www.nso.gov.vn/wp-content/uploads/2019/11/E1-2019-3.xls,2019,9,export,Pieces of cloth and other technical cloths,technical_cloths,46242445.99999998,46242.445999999974,1000 USD
https://www.nso.gov.vn/en/data-and-statistics/2019/11/preliminary-exports-and-imports-of-goods-by-main-countries-and-territories-in-2019/,https://www.nso.gov.vn/wp-content/uploads/2019/11/E1-2019-3.xls,2019,9,export,"Auxiliary materials for textile, garment, leather, footwear",textile_garment_leather_footwear_materials_auxiliaries,160590881.99999994,160590.88199999995,1000 USD
https://www.nso.gov.vn/en/data-and-statistics/2019/11/preliminary-exports-and-imports-of-goods-by-main-countries-and-territories-in-2019/,https://www.nso.gov.vn/wp-content/uploads/2019/11/E1-2019-3.xls,2019,9,export,"Textile, sewing products",textiles_and_garments_or_sewing_products,2841583057.0000005,2841583.0570000005,1000 USD
https://www.nso.gov.vn/en/data-and-statistics/2019/11/preliminary-exports-and-imports-of-goods-by-main-countries-and-territories-in-2019/,https://www.nso.gov.vn/wp-content/uploads/2019/11/E2-2019-4.xls,2019,9,import,Cotton,cotton,158228674.00000003,158228.67400000003,1000 USD
https://www.nso.gov.vn/en/data-and-statistics/2019/11/preliminary-exports-and-imports-of-goods-by-main-countries-and-territories-in-2019/,https://www.nso.gov.vn/wp-content/uploads/2019/11/E2-2019-4.xls,2019,9,import,Textile fibrics,fabrics,1014899065.9999996,1014899.0659999996,1000 USD
https://www.nso.gov.vn/en/data-and-statistics/2019/11/preliminary-exports-and-imports-of-goods-by-main-countries-and-territories-in-2019/,https://www.nso.gov.vn/wp-content/uploads/2019/11/E2-2019-4.xls,2019,9,import,"Fibres, not spun",fibres_not_spun,193806227.0,193806.227,1000 USD
https://www.nso.gov.vn/en/data-and-statistics/2019/11/preliminary-exports-and-imports-of-goods-by-main-countries-and-territories-in-2019/,https://www.nso.gov.vn/wp-content/uploads/2019/11/E2-2019-4.xls,2019,9,import,"Auxiliary materials for textile, garment, leather, footwear",textile_garment_leather_footwear_materials_auxiliaries,455720638.9999998,455720.63899999985,1000 USD
https://www.nso.gov.vn/en/data-and-statistics/2019/11/preliminary-exports-and-imports-of-goods-by-main-countries-and-territories-in-2019/,https://www.nso.gov.vn/wp-content/uploads/2019/11/E1-2019-3.xls,2019,10,export,"Fibres, not spun",fibres_not_spun,363523560.99999994,363523.5609999999,1000 USD
https://www.nso.gov.vn/en/data-and-statistics/2019/11/preliminary-exports-and-imports-of-goods-by-main-countries-and-territories-in-2019/,https://www.nso.gov.vn/wp-content/uploads/2019/11/E1-2019-3.xls,2019,10,export,Pieces of cloth and other technical cloths,technical_cloths,45690890.999999985,45690.89099999998,1000 USD
https://www.nso.gov.vn/en/data-and-statistics/2019/11/preliminary-exports-and-imports-of-goods-by-main-countries-and-territories-in-2019/,https://www.nso.gov.vn/wp-content/uploads/2019/11/E1-2019-3.xls,2019,10,export,"Auxiliary materials for textile, garment, leather, footwear",textile_garment_leather_footwear_materials_auxiliaries,180368054.9999999,180368.0549999999,1000 USD
https://www.nso.gov.vn/en/data-and-statistics/2019/11/preliminary-exports-and-imports-of-goods-by-main-countries-and-territories-in-2019/,https://www.nso.gov.vn/wp-content/uploads/2019/11/E1-2019-3.xls,2019,10,export,"Textile, sewing products",textiles_and_garments_or_sewing_products,2673852458.9999995,2673852.4589999993,1000 USD
https://www.nso.gov.vn/en/data-and-statistics/2019/11/preliminary-exports-and-imports-of-goods-by-main-countries-and-territories-in-2019/,https://www.nso.gov.vn/wp-content/uploads/2019/11/E2-2019-4.xls,2019,10,import,Cotton,cotton,174765859.0000001,174765.85900000008,1000 USD
https://www.nso.gov.vn/en/data-and-statistics/2019/11/preliminary-exports-and-imports-of-goods-by-main-countries-and-territories-in-2019/,https://www.nso.gov.vn/wp-content/uploads/2019/11/E2-2019-4.xls,2019,10,import,Textile fibrics,fabrics,1219876866.0000005,1219876.8660000004,1000 USD
https://www.nso.gov.vn/en/data-and-statistics/2019/11/preliminary-exports-and-imports-of-goods-by-main-countries-and-territories-in-2019/,https://www.nso.gov.vn/wp-content/uploads/2019/11/E2-2019-4.xls,2019,10,import,"Fibres, not spun",fibres_not_spun,198064452.00000012,198064.4520000001,1000 USD
https://www.nso.gov.vn/en/data-and-statistics/2019/11/preliminary-exports-and-imports-of-goods-by-main-countries-and-territories-in-2019/,https://www.nso.gov.vn/wp-content/uploads/2019/11/E2-2019-4.xls,2019,10,import,"Auxiliary materials for textile, garment, leather, footwear",textile_garment_leather_footwear_materials_auxiliaries,529265894.00000066,529265.8940000007,1000 USD
https://www.nso.gov.vn/en/data-and-statistics/2019/11/preliminary-exports-and-imports-of-goods-by-main-countries-and-territories-in-2019/,https://www.nso.gov.vn/wp-content/uploads/2019/11/E1-2019-3.xls,2019,11,export,"Fibres, not spun",fibres_not_spun,350573437.0000001,350573.4370000001,1000 USD
https://www.nso.gov.vn/en/data-and-statistics/2019/11/preliminary-exports-and-imports-of-goods-by-main-countries-and-territories-in-2019/,https://www.nso.gov.vn/wp-content/uploads/2019/11/E1-2019-3.xls,2019,11,export,Pieces of cloth and other technical cloths,technical_cloths,43357657.000000045,43357.65700000004,1000 USD
https://www.nso.gov.vn/en/data-and-statistics/2019/11/preliminary-exports-and-imports-of-goods-by-main-countries-and-territories-in-2019/,https://www.nso.gov.vn/wp-content/uploads/2019/11/E1-2019-3.xls,2019,11,export,"Auxiliary materials for textile, garment, leather, footwear",textile_garment_leather_footwear_materials_auxiliaries,165502354.99999994,165502.35499999995,1000 USD
https://www.nso.gov.vn/en/data-and-statistics/2019/11/preliminary-exports-and-imports-of-goods-by-main-countries-and-territories-in-2019/,https://www.nso.gov.vn/wp-content/uploads/2019/11/E1-2019-3.xls,2019,11,export,"Textile, sewing products",textiles_and_garments_or_sewing_products,2583706195.000001,2583706.1950000008,1000 USD
https://www.nso.gov.vn/en/data-and-statistics/2019/11/preliminary-exports-and-imports-of-goods-by-main-countries-and-territories-in-2019/,https://www.nso.gov.vn/wp-content/uploads/2019/11/E2-2019-4.xls,2019,11,import,Cotton,cotton,163766773.99999964,163766.77399999966,1000 USD
https://www.nso.gov.vn/en/data-and-statistics/2019/11/preliminary-exports-and-imports-of-goods-by-main-countries-and-territories-in-2019/,https://www.nso.gov.vn/wp-content/uploads/2019/11/E2-2019-4.xls,2019,11,import,Textile fibrics,fabrics,1174406137.9999983,1174406.1379999984,1000 USD
https://www.nso.gov.vn/en/data-and-statistics/2019/11/preliminary-exports-and-imports-of-goods-by-main-countries-and-territories-in-2019/,https://www.nso.gov.vn/wp-content/uploads/2019/11/E2-2019-4.xls,2019,11,import,"Fibres, not spun",fibres_not_spun,192351150.0000002,192351.1500000002,1000 USD
https://www.nso.gov.vn/en/data-and-statistics/2019/11/preliminary-exports-and-imports-of-goods-by-main-countries-and-territories-in-2019/,https://www.nso.gov.vn/wp-content/uploads/2019/11/E2-2019-4.xls,2019,11,import,"Auxiliary materials for textile, garment, leather, footwear",textile_garment_leather_footwear_materials_auxiliaries,491941623.0,491941.623,1000 USD
https://www.nso.gov.vn/en/data-and-statistics/2019/11/preliminary-exports-and-imports-of-goods-by-main-countries-and-territories-in-2019/,https://www.nso.gov.vn/wp-content/uploads/2019/11/E1-2019-3.xls,2019,12,export,"Fibres, not spun",fibres_not_spun,373780658.0000005,373780.65800000046,1000 USD
https://www.nso.gov.vn/en/data-and-statistics/2019/11/preliminary-exports-and-imports-of-goods-by-main-countries-and-territories-in-2019/,https://www.nso.gov.vn/wp-content/uploads/2019/11/E1-2019-3.xls,2019,12,export,"Fibres, not spun",fibres_not_spun,4176736609.0,4176736.609,1000 USD
https://www.nso.gov.vn/en/data-and-statistics/2019/11/preliminary-exports-and-imports-of-goods-by-main-countries-and-territories-in-2019/,https://www.nso.gov.vn/wp-content/uploads/2019/11/E1-2019-3.xls,2019,12,export,Pieces of cloth and other technical cloths,technical_cloths,42613456.99999997,42613.45699999997,1000 USD
https://www.nso.gov.vn/en/data-and-statistics/2019/11/preliminary-exports-and-imports-of-goods-by-main-countries-and-territories-in-2019/,https://www.nso.gov.vn/wp-content/uploads/2019/11/E1-2019-3.xls,2019,12,export,Pieces of cloth and other technical cloths,technical_cloths,588877507.0,588877.507,1000 USD
https://www.nso.gov.vn/en/data-and-statistics/2019/11/preliminary-exports-and-imports-of-goods-by-main-countries-and-territories-in-2019/,https://www.nso.gov.vn/wp-content/uploads/2019/11/E1-2019-3.xls,2019,12,export,"Auxiliary materials for textile, garment, leather, footwear",textile_garment_leather_footwear_materials_auxiliaries,177981797.9999999,177981.79799999992,1000 USD
https://www.nso.gov.vn/en/data-and-statistics/2019/11/preliminary-exports-and-imports-of-goods-by-main-countries-and-territories-in-2019/,https://www.nso.gov.vn/wp-content/uploads/2019/11/E1-2019-3.xls,2019,12,export,"Auxiliary materials for textile, garment, leather, footwear",textile_garment_leather_footwear_materials_auxiliaries,2014723305.0,2014723.305,1000 USD
https://www.nso.gov.vn/en/data-and-statistics/2019/11/preliminary-exports-and-imports-of-goods-by-main-countries-and-territories-in-2019/,https://www.nso.gov.vn/wp-content/uploads/2019/11/E1-2019-3.xls,2019,12,export,"Textile, sewing products",textiles_and_garments_or_sewing_products,2979194314.999998,2979194.314999998,1000 USD
https://www.nso.gov.vn/en/data-and-statistics/2019/11/preliminary-exports-and-imports-of-goods-by-main-countries-and-territories-in-2019/,https://www.nso.gov.vn/wp-content/uploads/2019/11/E1-2019-3.xls,2019,12,export,"Textile, sewing products",textiles_and_garments_or_sewing_products,32850225308.0,32850225.308,1000 USD
https://www.nso.gov.vn/en/data-and-statistics/2019/11/preliminary-exports-and-imports-of-goods-by-main-countries-and-territories-in-2019/,https://www.nso.gov.vn/wp-content/uploads/2019/11/E2-2019-4.xls,2019,12,import,Cotton,cotton,161710340.99999994,161710.34099999993,1000 USD
https://www.nso.gov.vn/en/data-and-statistics/2019/11/preliminary-exports-and-imports-of-goods-by-main-countries-and-territories-in-2019/,https://www.nso.gov.vn/wp-content/uploads/2019/11/E2-2019-4.xls,2019,12,import,Cotton,cotton,2570431730.0,2570431.73,1000 USD
https://www.nso.gov.vn/en/data-and-statistics/2019/11/preliminary-exports-and-imports-of-goods-by-main-countries-and-territories-in-2019/,https://www.nso.gov.vn/wp-content/uploads/2019/11/E2-2019-4.xls,2019,12,import,Textile fibrics,fabrics,1147875651.0000005,1147875.6510000005,1000 USD
https://www.nso.gov.vn/en/data-and-statistics/2019/11/preliminary-exports-and-imports-of-goods-by-main-countries-and-territories-in-2019/,https://www.nso.gov.vn/wp-content/uploads/2019/11/E2-2019-4.xls,2019,12,import,Textile fibrics,fabrics,13276524975.0,13276524.975,1000 USD
https://www.nso.gov.vn/en/data-and-statistics/2019/11/preliminary-exports-and-imports-of-goods-by-main-countries-and-territories-in-2019/,https://www.nso.gov.vn/wp-content/uploads/2019/11/E2-2019-4.xls,2019,12,import,"Fibres, not spun",fibres_not_spun,199917023.99999958,199917.02399999957,1000 USD
https://www.nso.gov.vn/en/data-and-statistics/2019/11/preliminary-exports-and-imports-of-goods-by-main-countries-and-territories-in-2019/,https://www.nso.gov.vn/wp-content/uploads/2019/11/E2-2019-4.xls,2019,12,import,"Fibres, not spun",fibres_not_spun,2409519070.0,2409519.07,1000 USD
https://www.nso.gov.vn/en/data-and-statistics/2019/11/preliminary-exports-and-imports-of-goods-by-main-countries-and-territories-in-2019/,https://www.nso.gov.vn/wp-content/uploads/2019/11/E2-2019-4.xls,2019,12,import,"Auxiliary materials for textile, garment, leather, footwear",textile_garment_leather_footwear_materials_auxiliaries,465487387.0000005,465487.38700000045,1000 USD
https://www.nso.gov.vn/en/data-and-statistics/2019/11/preliminary-exports-and-imports-of-goods-by-main-countries-and-territories-in-2019/,https://www.nso.gov.vn/wp-content/uploads/2019/11/E2-2019-4.xls,2019,12,import,"Auxiliary materials for textile, garment, leather, footwear",textile_garment_leather_footwear_materials_auxiliaries,5871503806.0,5871503.806,1000 USD
https://www.nso.gov.vn/en/data-and-statistics/2020/10/preliminary-exports-and-imports-of-goods-by-main-countries-and-territories-in-2020/,https://www.nso.gov.vn/wp-content/uploads/2020/10/E01-2020-4.xls,2020,1,export,"Fibres, not spun",fibres_not_spun,243508124.0,243508.124,1000 USD
https://www.nso.gov.vn/en/data-and-statistics/2020/10/preliminary-exports-and-imports-of-goods-by-main-countries-and-territories-in-2020/,https://www.nso.gov.vn/wp-content/uploads/2020/10/E01-2020-4.xls,2020,1,export,Pieces of cloth and other technical cloths,technical_cloths,45412177.0,45412.177,1000 USD
https://www.nso.gov.vn/en/data-and-statistics/2020/10/preliminary-exports-and-imports-of-goods-by-main-countries-and-territories-in-2020/,https://www.nso.gov.vn/wp-content/uploads/2020/10/E01-2020-4.xls,2020,1,export,"Auxiliary materials for textile, garment, leather, footwear",textile_garment_leather_footwear_materials_auxiliaries,128141938.0,128141.938,1000 USD
https://www.nso.gov.vn/en/data-and-statistics/2020/10/preliminary-exports-and-imports-of-goods-by-main-countries-and-territories-in-2020/,https://www.nso.gov.vn/wp-content/uploads/2020/10/E01-2020-4.xls,2020,1,export,"Textile, sewing products",textiles_and_garments_or_sewing_products,2470383349.0,2470383.349,1000 USD
https://www.nso.gov.vn/en/data-and-statistics/2020/10/preliminary-exports-and-imports-of-goods-by-main-countries-and-territories-in-2020/,https://www.nso.gov.vn/wp-content/uploads/2020/10/E02-2020-4.xls,2020,1,import,Cotton,cotton,128943860.0,128943.86,1000 USD
https://www.nso.gov.vn/en/data-and-statistics/2020/10/preliminary-exports-and-imports-of-goods-by-main-countries-and-territories-in-2020/,https://www.nso.gov.vn/wp-content/uploads/2020/10/E02-2020-4.xls,2020,1,import,Textile fibrics,fabrics,850323701.0,850323.701,1000 USD
https://www.nso.gov.vn/en/data-and-statistics/2020/10/preliminary-exports-and-imports-of-goods-by-main-countries-and-territories-in-2020/,https://www.nso.gov.vn/wp-content/uploads/2020/10/E02-2020-4.xls,2020,1,import,"Fibres, not spun",fibres_not_spun,153599605.0,153599.605,1000 USD
https://www.nso.gov.vn/en/data-and-statistics/2020/10/preliminary-exports-and-imports-of-goods-by-main-countries-and-territories-in-2020/,https://www.nso.gov.vn/wp-content/uploads/2020/10/E02-2020-4.xls,2020,1,import,"Auxiliary materials for textile, garment, leather, footwear",textile_garment_leather_footwear_materials_auxiliaries,366115332.0,366115.332,1000 USD
https://www.nso.gov.vn/en/data-and-statistics/2020/10/preliminary-exports-and-imports-of-goods-by-main-countries-and-territories-in-2020/,https://www.nso.gov.vn/wp-content/uploads/2020/10/E01-2020-4.xls,2020,2,export,"Fibres, not spun",fibres_not_spun,334394188.0,334394.188,1000 USD
https://www.nso.gov.vn/en/data-and-statistics/2020/10/preliminary-exports-and-imports-of-goods-by-main-countries-and-territories-in-2020/,https://www.nso.gov.vn/wp-content/uploads/2020/10/E01-2020-4.xls,2020,2,export,Pieces of cloth and other technical cloths,technical_cloths,50325971.0,50325.971,1000 USD
https://www.nso.gov.vn/en/data-and-statistics/2020/10/preliminary-exports-and-imports-of-goods-by-main-countries-and-territories-in-2020/,https://www.nso.gov.vn/wp-content/uploads/2020/10/E01-2020-4.xls,2020,2,export,"Auxiliary materials for textile, garment, leather, footwear",textile_garment_leather_footwear_materials_auxiliaries,147317405.0,147317.405,1000 USD
https://www.nso.gov.vn/en/data-and-statistics/2020/10/preliminary-exports-and-imports-of-goods-by-main-countries-and-territories-in-2020/,https://www.nso.gov.vn/wp-content/uploads/2020/10/E01-2020-4.xls,2020,2,export,"Textile, sewing products",textiles_and_garments_or_sewing_products,2226006089.0,2226006.089,1000 USD
https://www.nso.gov.vn/en/data-and-statistics/2020/10/preliminary-exports-and-imports-of-goods-by-main-countries-and-territories-in-2020/,https://www.nso.gov.vn/wp-content/uploads/2020/10/E02-2020-4.xls,2020,2,import,Cotton,cotton,247056830.00000003,247056.83000000002,1000 USD
https://www.nso.gov.vn/en/data-and-statistics/2020/10/preliminary-exports-and-imports-of-goods-by-main-countries-and-territories-in-2020/,https://www.nso.gov.vn/wp-content/uploads/2020/10/E02-2020-4.xls,2020,2,import,Textile fibrics,fabrics,709328576.0,709328.576,1000 USD
https://www.nso.gov.vn/en/data-and-statistics/2020/10/preliminary-exports-and-imports-of-goods-by-main-countries-and-territories-in-2020/,https://www.nso.gov.vn/wp-content/uploads/2020/10/E02-2020-4.xls,2020,2,import,"Fibres, not spun",fibres_not_spun,155986482.99999997,155986.48299999998,1000 USD
https://www.nso.gov.vn/en/data-and-statistics/2020/10/preliminary-exports-and-imports-of-goods-by-main-countries-and-territories-in-2020/,https://www.nso.gov.vn/wp-content/uploads/2020/10/E02-2020-4.xls,2020,2,import,"Auxiliary materials for textile, garment, leather, footwear",textile_garment_leather_footwear_materials_auxiliaries,368617548.0,368617.548,1000 USD
https://www.nso.gov.vn/en/data-and-statistics/2020/10/preliminary-exports-and-imports-of-goods-by-main-countries-and-territories-in-2020/,https://www.nso.gov.vn/wp-content/uploads/2020/10/E01-2020-4.xls,2020,3,export,"Fibres, not spun",fibres_not_spun,348522714.0,348522.714,1000 USD
https://www.nso.gov.vn/en/data-and-statistics/2020/10/preliminary-exports-and-imports-of-goods-by-main-countries-and-territories-in-2020/,https://www.nso.gov.vn/wp-content/uploads/2020/10/E01-2020-4.xls,2020,3,export,Pieces of cloth and other technical cloths,technical_cloths,46567067.99999999,46567.06799999999,1000 USD
https://www.nso.gov.vn/en/data-and-statistics/2020/10/preliminary-exports-and-imports-of-goods-by-main-countries-and-territories-in-2020/,https://www.nso.gov.vn/wp-content/uploads/2020/10/E01-2020-4.xls,2020,3,export,"Auxiliary materials for textile, garment, leather, footwear",textile_garment_leather_footwear_materials_auxiliaries,163313457.99999994,163313.45799999996,1000 USD
https://www.nso.gov.vn/en/data-and-statistics/2020/10/preliminary-exports-and-imports-of-goods-by-main-countries-and-territories-in-2020/,https://www.nso.gov.vn/wp-content/uploads/2020/10/E01-2020-4.xls,2020,3,export,"Textile, sewing products",textiles_and_garments_or_sewing_products,2336230166.0000005,2336230.1660000007,1000 USD
https://www.nso.gov.vn/en/data-and-statistics/2020/10/preliminary-exports-and-imports-of-goods-by-main-countries-and-territories-in-2020/,https://www.nso.gov.vn/wp-content/uploads/2020/10/E02-2020-4.xls,2020,3,import,Cotton,cotton,266471171.99999997,266471.17199999996,1000 USD
https://www.nso.gov.vn/en/data-and-statistics/2020/10/preliminary-exports-and-imports-of-goods-by-main-countries-and-territories-in-2020/,https://www.nso.gov.vn/wp-content/uploads/2020/10/E02-2020-4.xls,2020,3,import,Textile fibrics,fabrics,1071101146.0000002,1071101.1460000002,1000 USD
https://www.nso.gov.vn/en/data-and-statistics/2020/10/preliminary-exports-and-imports-of-goods-by-main-countries-and-territories-in-2020/,https://www.nso.gov.vn/wp-content/uploads/2020/10/E02-2020-4.xls,2020,3,import,"Fibres, not spun",fibres_not_spun,235380356.0,235380.356,1000 USD
https://www.nso.gov.vn/en/data-and-statistics/2020/10/preliminary-exports-and-imports-of-goods-by-main-countries-and-territories-in-2020/,https://www.nso.gov.vn/wp-content/uploads/2020/10/E02-2020-4.xls,2020,3,import,"Auxiliary materials for textile, garment, leather, footwear",textile_garment_leather_footwear_materials_auxiliaries,542056520.0,542056.52,1000 USD
https://www.nso.gov.vn/en/data-and-statistics/2020/10/preliminary-exports-and-imports-of-goods-by-main-countries-and-territories-in-2020/,https://www.nso.gov.vn/wp-content/uploads/2020/10/E01-2020-4.xls,2020,4,export,"Fibres, not spun",fibres_not_spun,210365255.99999994,210365.25599999994,1000 USD
https://www.nso.gov.vn/en/data-and-statistics/2020/10/preliminary-exports-and-imports-of-goods-by-main-countries-and-territories-in-2020/,https://www.nso.gov.vn/wp-content/uploads/2020/10/E01-2020-4.xls,2020,4,export,Pieces of cloth and other technical cloths,technical_cloths,16449188.999999998,16449.189,1000 USD
https://www.nso.gov.vn/en/data-and-statistics/2020/10/preliminary-exports-and-imports-of-goods-by-main-countries-and-territories-in-2020/,https://www.nso.gov.vn/wp-content/uploads/2020/10/E01-2020-4.xls,2020,4,export,"Auxiliary materials for textile, garment, leather, footwear",textile_garment_leather_footwear_materials_auxiliaries,120751817.99999997,120751.81799999997,1000 USD
https://www.nso.gov.vn/en/data-and-statistics/2020/10/preliminary-exports-and-imports-of-goods-by-main-countries-and-territories-in-2020/,https://www.nso.gov.vn/wp-content/uploads/2020/10/E01-2020-4.xls,2020,4,export,"Textile, sewing products",textiles_and_garments_or_sewing_products,1614993941.9999988,1614993.9419999989,1000 USD
https://www.nso.gov.vn/en/data-and-statistics/2020/10/preliminary-exports-and-imports-of-goods-by-main-countries-and-territories-in-2020/,https://www.nso.gov.vn/wp-content/uploads/2020/10/E02-2020-4.xls,2020,4,import,Cotton,cotton,237643266.0,237643.266,1000 USD
https://www.nso.gov.vn/en/data-and-statistics/2020/10/preliminary-exports-and-imports-of-goods-by-main-countries-and-territories-in-2020/,https://www.nso.gov.vn/wp-content/uploads/2020/10/E02-2020-4.xls,2020,4,import,Textile fibrics,fabrics,925852598.0000001,925852.5980000001,1000 USD
https://www.nso.gov.vn/en/data-and-statistics/2020/10/preliminary-exports-and-imports-of-goods-by-main-countries-and-territories-in-2020/,https://www.nso.gov.vn/wp-content/uploads/2020/10/E02-2020-4.xls,2020,4,import,"Fibres, not spun",fibres_not_spun,162919290.99999994,162919.29099999994,1000 USD
https://www.nso.gov.vn/en/data-and-statistics/2020/10/preliminary-exports-and-imports-of-goods-by-main-countries-and-territories-in-2020/,https://www.nso.gov.vn/wp-content/uploads/2020/10/E02-2020-4.xls,2020,4,import,"Auxiliary materials for textile, garment, leather, footwear",textile_garment_leather_footwear_materials_auxiliaries,426058813.0,426058.813,1000 USD
https://www.nso.gov.vn/en/data-and-statistics/2020/10/preliminary-exports-and-imports-of-goods-by-main-countries-and-territories-in-2020/,https://www.nso.gov.vn/wp-content/uploads/2020/10/E01-2020-4.xls,2020,5,export,"Fibres, not spun",fibres_not_spun,218219563.0000002,218219.5630000002,1000 USD
https://www.nso.gov.vn/en/data-and-statistics/2020/10/preliminary-exports-and-imports-of-goods-by-main-countries-and-territories-in-2020/,https://www.nso.gov.vn/wp-content/uploads/2020/10/E01-2020-4.xls,2020,5,export,Pieces of cloth and other technical cloths,technical_cloths,13999747.999999978,13999.747999999978,1000 USD
https://www.nso.gov.vn/en/data-and-statistics/2020/10/preliminary-exports-and-imports-of-goods-by-main-countries-and-territories-in-2020/,https://www.nso.gov.vn/wp-content/uploads/2020/10/E01-2020-4.xls,2020,5,export,"Auxiliary materials for textile, garment, leather, footwear",textile_garment_leather_footwear_materials_auxiliaries,111472522.0,111472.522,1000 USD
https://www.nso.gov.vn/en/data-and-statistics/2020/10/preliminary-exports-and-imports-of-goods-by-main-countries-and-territories-in-2020/,https://www.nso.gov.vn/wp-content/uploads/2020/10/E01-2020-4.xls,2020,5,export,"Textile, sewing products",textiles_and_garments_or_sewing_products,1917268448.0000002,1917268.4480000003,1000 USD
https://www.nso.gov.vn/en/data-and-statistics/2020/10/preliminary-exports-and-imports-of-goods-by-main-countries-and-territories-in-2020/,https://www.nso.gov.vn/wp-content/uploads/2020/10/E02-2020-4.xls,2020,5,import,Cotton,cotton,203141878.9999999,203141.8789999999,1000 USD
https://www.nso.gov.vn/en/data-and-statistics/2020/10/preliminary-exports-and-imports-of-goods-by-main-countries-and-territories-in-2020/,https://www.nso.gov.vn/wp-content/uploads/2020/10/E02-2020-4.xls,2020,5,import,Textile fibrics,fabrics,952395428.9999999,952395.4289999999,1000 USD
https://www.nso.gov.vn/en/data-and-statistics/2020/10/preliminary-exports-and-imports-of-goods-by-main-countries-and-territories-in-2020/,https://www.nso.gov.vn/wp-content/uploads/2020/10/E02-2020-4.xls,2020,5,import,"Fibres, not spun",fibres_not_spun,124032334.0,124032.334,1000 USD
https://www.nso.gov.vn/en/data-and-statistics/2020/10/preliminary-exports-and-imports-of-goods-by-main-countries-and-territories-in-2020/,https://www.nso.gov.vn/wp-content/uploads/2020/10/E02-2020-4.xls,2020,5,import,"Auxiliary materials for textile, garment, leather, footwear",textile_garment_leather_footwear_materials_auxiliaries,404827237.0000001,404827.23700000014,1000 USD
https://www.nso.gov.vn/en/data-and-statistics/2020/10/preliminary-exports-and-imports-of-goods-by-main-countries-and-territories-in-2020/,https://www.nso.gov.vn/wp-content/uploads/2020/10/E01-2020-4.xls,2020,6,export,"Fibres, not spun",fibres_not_spun,254842610.99999967,254842.61099999968,1000 USD
https://www.nso.gov.vn/en/data-and-statistics/2020/10/preliminary-exports-and-imports-of-goods-by-main-countries-and-territories-in-2020/,https://www.nso.gov.vn/wp-content/uploads/2020/10/E01-2020-4.xls,2020,6,export,Pieces of cloth and other technical cloths,technical_cloths,21594667.000000037,21594.667000000038,1000 USD
https://www.nso.gov.vn/en/data-and-statistics/2020/10/preliminary-exports-and-imports-of-goods-by-main-countries-and-territories-in-2020/,https://www.nso.gov.vn/wp-content/uploads/2020/10/E01-2020-4.xls,2020,6,export,"Auxiliary materials for textile, garment, leather, footwear",textile_garment_leather_footwear_materials_auxiliaries,123798509.00000007,123798.50900000008,1000 USD
https://www.nso.gov.vn/en/data-and-statistics/2020/10/preliminary-exports-and-imports-of-goods-by-main-countries-and-territories-in-2020/,https://www.nso.gov.vn/wp-content/uploads/2020/10/E01-2020-4.xls,2020,6,export,"Textile, sewing products",textiles_and_garments_or_sewing_products,2616869919.9999995,2616869.9199999995,1000 USD
https://www.nso.gov.vn/en/data-and-statistics/2020/10/preliminary-exports-and-imports-of-goods-by-main-countries-and-territories-in-2020/,https://www.nso.gov.vn/wp-content/uploads/2020/10/E02-2020-4.xls,2020,6,import,Cotton,cotton,178571371.9999999,178571.37199999992,1000 USD
https://www.nso.gov.vn/en/data-and-statistics/2020/10/preliminary-exports-and-imports-of-goods-by-main-countries-and-territories-in-2020/,https://www.nso.gov.vn/wp-content/uploads/2020/10/E02-2020-4.xls,2020,6,import,Textile fibrics,fabrics,1012009341.0000004,1012009.3410000004,1000 USD
https://www.nso.gov.vn/en/data-and-statistics/2020/10/preliminary-exports-and-imports-of-goods-by-main-countries-and-territories-in-2020/,https://www.nso.gov.vn/wp-content/uploads/2020/10/E02-2020-4.xls,2020,6,import,"Fibres, not spun",fibres_not_spun,132288005.99999991,132288.0059999999,1000 USD
https://www.nso.gov.vn/en/data-and-statistics/2020/10/preliminary-exports-and-imports-of-goods-by-main-countries-and-territories-in-2020/,https://www.nso.gov.vn/wp-content/uploads/2020/10/E02-2020-4.xls,2020,6,import,"Auxiliary materials for textile, garment, leather, footwear",textile_garment_leather_footwear_materials_auxiliaries,405480583.99999976,405480.58399999974,1000 USD
https://www.nso.gov.vn/en/data-and-statistics/2020/10/preliminary-exports-and-imports-of-goods-by-main-countries-and-territories-in-2020/,https://www.nso.gov.vn/wp-content/uploads/2020/10/E01-2020-4.xls,2020,7,export,"Fibres, not spun",fibres_not_spun,307468977.0,307468.977,1000 USD
https://www.nso.gov.vn/en/data-and-statistics/2020/10/preliminary-exports-and-imports-of-goods-by-main-countries-and-territories-in-2020/,https://www.nso.gov.vn/wp-content/uploads/2020/10/E01-2020-4.xls,2020,7,export,Pieces of cloth and other technical cloths,technical_cloths,30468307.99999998,30468.307999999983,1000 USD
https://www.nso.gov.vn/en/data-and-statistics/2020/10/preliminary-exports-and-imports-of-goods-by-main-countries-and-territories-in-2020/,https://www.nso.gov.vn/wp-content/uploads/2020/10/E01-2020-4.xls,2020,7,export,"Auxiliary materials for textile, garment, leather, footwear",textile_garment_leather_footwear_materials_auxiliaries,129475723.99999993,129475.72399999993,1000 USD
https://www.nso.gov.vn/en/data-and-statistics/2020/10/preliminary-exports-and-imports-of-goods-by-main-countries-and-territories-in-2020/,https://www.nso.gov.vn/wp-content/uploads/2020/10/E01-2020-4.xls,2020,7,export,"Textile, sewing products",textiles_and_garments_or_sewing_products,3064738961.999999,3064738.961999999,1000 USD
https://www.nso.gov.vn/en/data-and-statistics/2020/10/preliminary-exports-and-imports-of-goods-by-main-countries-and-territories-in-2020/,https://www.nso.gov.vn/wp-content/uploads/2020/10/E02-2020-4.xls,2020,7,import,Cotton,cotton,179022039.99999997,179022.03999999998,1000 USD
https://www.nso.gov.vn/en/data-and-statistics/2020/10/preliminary-exports-and-imports-of-goods-by-main-countries-and-territories-in-2020/,https://www.nso.gov.vn/wp-content/uploads/2020/10/E02-2020-4.xls,2020,7,import,Textile fibrics,fabrics,1015626778.0000002,1015626.7780000003,1000 USD
https://www.nso.gov.vn/en/data-and-statistics/2020/10/preliminary-exports-and-imports-of-goods-by-main-countries-and-territories-in-2020/,https://www.nso.gov.vn/wp-content/uploads/2020/10/E02-2020-4.xls,2020,7,import,"Fibres, not spun",fibres_not_spun,151361918.00000003,151361.91800000003,1000 USD
https://www.nso.gov.vn/en/data-and-statistics/2020/10/preliminary-exports-and-imports-of-goods-by-main-countries-and-territories-in-2020/,https://www.nso.gov.vn/wp-content/uploads/2020/10/E02-2020-4.xls,2020,7,import,"Auxiliary materials for textile, garment, leather, footwear",textile_garment_leather_footwear_materials_auxiliaries,410433990.0000002,410433.99000000017,1000 USD
https://www.nso.gov.vn/en/data-and-statistics/2020/10/preliminary-exports-and-imports-of-goods-by-main-countries-and-territories-in-2020/,https://www.nso.gov.vn/wp-content/uploads/2020/10/E01-2020-4.xls,2020,8,export,"Fibres, not spun",fibres_not_spun,309326465.00000036,309326.4650000004,1000 USD
https://www.nso.gov.vn/en/data-and-statistics/2020/10/preliminary-exports-and-imports-of-goods-by-main-countries-and-territories-in-2020/,https://www.nso.gov.vn/wp-content/uploads/2020/10/E01-2020-4.xls,2020,8,export,Pieces of cloth and other technical cloths,technical_cloths,43998783.000000015,43998.78300000002,1000 USD
https://www.nso.gov.vn/en/data-and-statistics/2020/10/preliminary-exports-and-imports-of-goods-by-main-countries-and-territories-in-2020/,https://www.nso.gov.vn/wp-content/uploads/2020/10/E01-2020-4.xls,2020,8,export,"Auxiliary materials for textile, garment, leather, footwear",textile_garment_leather_footwear_materials_auxiliaries,129983031.00000007,129983.03100000008,1000 USD
https://www.nso.gov.vn/en/data-and-statistics/2020/10/preliminary-exports-and-imports-of-goods-by-main-countries-and-territories-in-2020/,https://www.nso.gov.vn/wp-content/uploads/2020/10/E01-2020-4.xls,2020,8,export,"Textile, sewing products",textiles_and_garments_or_sewing_products,3016784409.9999976,3016784.409999998,1000 USD
https://www.nso.gov.vn/en/data-and-statistics/2020/10/preliminary-exports-and-imports-of-goods-by-main-countries-and-territories-in-2020/,https://www.nso.gov.vn/wp-content/uploads/2020/10/E02-2020-4.xls,2020,8,import,Cotton,cotton,172252648.0,172252.648,1000 USD
https://www.nso.gov.vn/en/data-and-statistics/2020/10/preliminary-exports-and-imports-of-goods-by-main-countries-and-territories-in-2020/,https://www.nso.gov.vn/wp-content/uploads/2020/10/E02-2020-4.xls,2020,8,import,Textile fibrics,fabrics,911685916.9999998,911685.9169999998,1000 USD
https://www.nso.gov.vn/en/data-and-statistics/2020/10/preliminary-exports-and-imports-of-goods-by-main-countries-and-territories-in-2020/,https://www.nso.gov.vn/wp-content/uploads/2020/10/E02-2020-4.xls,2020,8,import,"Fibres, not spun",fibres_not_spun,154334510.9999999,154334.5109999999,1000 USD
https://www.nso.gov.vn/en/data-and-statistics/2020/10/preliminary-exports-and-imports-of-goods-by-main-countries-and-territories-in-2020/,https://www.nso.gov.vn/wp-content/uploads/2020/10/E02-2020-4.xls,2020,8,import,"Auxiliary materials for textile, garment, leather, footwear",textile_garment_leather_footwear_materials_auxiliaries,427315792.9999995,427315.79299999954,1000 USD
https://www.nso.gov.vn/en/data-and-statistics/2020/10/preliminary-exports-and-imports-of-goods-by-main-countries-and-territories-in-2020/,https://www.nso.gov.vn/wp-content/uploads/2020/10/E01-2020-4.xls,2020,9,export,"Fibres, not spun",fibres_not_spun,339383231.0000002,339383.2310000002,1000 USD
https://www.nso.gov.vn/en/data-and-statistics/2020/10/preliminary-exports-and-imports-of-goods-by-main-countries-and-territories-in-2020/,https://www.nso.gov.vn/wp-content/uploads/2020/10/E01-2020-4.xls,2020,9,export,Pieces of cloth and other technical cloths,technical_cloths,44928128.99999998,44928.12899999998,1000 USD
https://www.nso.gov.vn/en/data-and-statistics/2020/10/preliminary-exports-and-imports-of-goods-by-main-countries-and-territories-in-2020/,https://www.nso.gov.vn/wp-content/uploads/2020/10/E01-2020-4.xls,2020,9,export,"Auxiliary materials for textile, garment, leather, footwear",textile_garment_leather_footwear_materials_auxiliaries,139301720.99999976,139301.72099999976,1000 USD
https://www.nso.gov.vn/en/data-and-statistics/2020/10/preliminary-exports-and-imports-of-goods-by-main-countries-and-territories-in-2020/,https://www.nso.gov.vn/wp-content/uploads/2020/10/E01-2020-4.xls,2020,9,export,"Textile, sewing products",textiles_and_garments_or_sewing_products,2899726353.0000014,2899726.3530000015,1000 USD
https://www.nso.gov.vn/en/data-and-statistics/2020/10/preliminary-exports-and-imports-of-goods-by-main-countries-and-territories-in-2020/,https://www.nso.gov.vn/wp-content/uploads/2020/10/E02-2020-4.xls,2020,9,import,Cotton,cotton,157812210.99999982,157812.21099999984,1000 USD
https://www.nso.gov.vn/en/data-and-statistics/2020/10/preliminary-exports-and-imports-of-goods-by-main-countries-and-territories-in-2020/,https://www.nso.gov.vn/wp-content/uploads/2020/10/E02-2020-4.xls,2020,9,import,Textile fibrics,fabrics,983001383.0000018,983001.3830000018,1000 USD
https://www.nso.gov.vn/en/data-and-statistics/2020/10/preliminary-exports-and-imports-of-goods-by-main-countries-and-territories-in-2020/,https://www.nso.gov.vn/wp-content/uploads/2020/10/E02-2020-4.xls,2020,9,import,"Fibres, not spun",fibres_not_spun,167210831.99999997,167210.83199999997,1000 USD
https://www.nso.gov.vn/en/data-and-statistics/2020/10/preliminary-exports-and-imports-of-goods-by-main-countries-and-territories-in-2020/,https://www.nso.gov.vn/wp-content/uploads/2020/10/E02-2020-4.xls,2020,9,import,"Auxiliary materials for textile, garment, leather, footwear",textile_garment_leather_footwear_materials_auxiliaries,466209353.0000001,466209.3530000001,1000 USD
https://www.nso.gov.vn/en/data-and-statistics/2020/10/preliminary-exports-and-imports-of-goods-by-main-countries-and-territories-in-2020/,https://www.nso.gov.vn/wp-content/uploads/2020/10/E01-2020-4.xls,2020,10,export,"Fibres, not spun",fibres_not_spun,380234926.00000006,380234.92600000004,1000 USD
https://www.nso.gov.vn/en/data-and-statistics/2020/10/preliminary-exports-and-imports-of-goods-by-main-countries-and-territories-in-2020/,https://www.nso.gov.vn/wp-content/uploads/2020/10/E01-2020-4.xls,2020,10,export,Pieces of cloth and other technical cloths,technical_cloths,46099537.00000003,46099.53700000003,1000 USD
https://www.nso.gov.vn/en/data-and-statistics/2020/10/preliminary-exports-and-imports-of-goods-by-main-countries-and-territories-in-2020/,https://www.nso.gov.vn/wp-content/uploads/2020/10/E01-2020-4.xls,2020,10,export,"Auxiliary materials for textile, garment, leather, footwear",textile_garment_leather_footwear_materials_auxiliaries,167556895.00000033,167556.89500000034,1000 USD
https://www.nso.gov.vn/en/data-and-statistics/2020/10/preliminary-exports-and-imports-of-goods-by-main-countries-and-territories-in-2020/,https://www.nso.gov.vn/wp-content/uploads/2020/10/E01-2020-4.xls,2020,10,export,"Textile, sewing products",textiles_and_garments_or_sewing_products,2566563826.000003,2566563.8260000027,1000 USD
https://www.nso.gov.vn/en/data-and-statistics/2020/10/preliminary-exports-and-imports-of-goods-by-main-countries-and-territories-in-2020/,https://www.nso.gov.vn/wp-content/uploads/2020/10/E02-2020-4.xls,2020,10,import,Cotton,cotton,140826280.00000003,140826.28000000003,1000 USD
https://www.nso.gov.vn/en/data-and-statistics/2020/10/preliminary-exports-and-imports-of-goods-by-main-countries-and-territories-in-2020/,https://www.nso.gov.vn/wp-content/uploads/2020/10/E02-2020-4.xls,2020,10,import,Textile fibrics,fabrics,1104107181.0000002,1104107.1810000003,1000 USD
https://www.nso.gov.vn/en/data-and-statistics/2020/10/preliminary-exports-and-imports-of-goods-by-main-countries-and-territories-in-2020/,https://www.nso.gov.vn/wp-content/uploads/2020/10/E02-2020-4.xls,2020,10,import,"Fibres, not spun",fibres_not_spun,172183743.0,172183.743,1000 USD
https://www.nso.gov.vn/en/data-and-statistics/2020/10/preliminary-exports-and-imports-of-goods-by-main-countries-and-territories-in-2020/,https://www.nso.gov.vn/wp-content/uploads/2020/10/E02-2020-4.xls,2020,10,import,"Auxiliary materials for textile, garment, leather, footwear",textile_garment_leather_footwear_materials_auxiliaries,527979680.9999999,527979.6809999999,1000 USD
https://www.nso.gov.vn/en/data-and-statistics/2020/10/preliminary-exports-and-imports-of-goods-by-main-countries-and-territories-in-2020/,https://www.nso.gov.vn/wp-content/uploads/2020/10/E01-2020-4.xls,2020,11,export,"Fibres, not spun",fibres_not_spun,367184400.99999964,367184.40099999966,1000 USD
https://www.nso.gov.vn/en/data-and-statistics/2020/10/preliminary-exports-and-imports-of-goods-by-main-countries-and-territories-in-2020/,https://www.nso.gov.vn/wp-content/uploads/2020/10/E01-2020-4.xls,2020,11,export,Pieces of cloth and other technical cloths,technical_cloths,47102610.00000001,47102.61000000001,1000 USD
https://www.nso.gov.vn/en/data-and-statistics/2020/10/preliminary-exports-and-imports-of-goods-by-main-countries-and-territories-in-2020/,https://www.nso.gov.vn/wp-content/uploads/2020/10/E01-2020-4.xls,2020,11,export,"Auxiliary materials for textile, garment, leather, footwear",textile_garment_leather_footwear_materials_auxiliaries,150411368.0000001,150411.3680000001,1000 USD
https://www.nso.gov.vn/en/data-and-statistics/2020/10/preliminary-exports-and-imports-of-goods-by-main-countries-and-territories-in-2020/,https://www.nso.gov.vn/wp-content/uploads/2020/10/E01-2020-4.xls,2020,11,export,"Textile, sewing products",textiles_and_garments_or_sewing_products,2247969749.000003,2247969.749000003,1000 USD
https://www.nso.gov.vn/en/data-and-statistics/2020/10/preliminary-exports-and-imports-of-goods-by-main-countries-and-territories-in-2020/,https://www.nso.gov.vn/wp-content/uploads/2020/10/E02-2020-4.xls,2020,11,import,Cotton,cotton,169503952.9999999,169503.95299999992,1000 USD
https://www.nso.gov.vn/en/data-and-statistics/2020/10/preliminary-exports-and-imports-of-goods-by-main-countries-and-territories-in-2020/,https://www.nso.gov.vn/wp-content/uploads/2020/10/E02-2020-4.xls,2020,11,import,Textile fibrics,fabrics,1116952186.9999995,1116952.1869999995,1000 USD
https://www.nso.gov.vn/en/data-and-statistics/2020/10/preliminary-exports-and-imports-of-goods-by-main-countries-and-territories-in-2020/,https://www.nso.gov.vn/wp-content/uploads/2020/10/E02-2020-4.xls,2020,11,import,"Fibres, not spun",fibres_not_spun,179190905.0,179190.905,1000 USD
https://www.nso.gov.vn/en/data-and-statistics/2020/10/preliminary-exports-and-imports-of-goods-by-main-countries-and-territories-in-2020/,https://www.nso.gov.vn/wp-content/uploads/2020/10/E02-2020-4.xls,2020,11,import,"Auxiliary materials for textile, garment, leather, footwear",textile_garment_leather_footwear_materials_auxiliaries,471244589.9999998,471244.5899999998,1000 USD
https://www.nso.gov.vn/en/data-and-statistics/2020/10/preliminary-exports-and-imports-of-goods-by-main-countries-and-territories-in-2020/,https://www.nso.gov.vn/wp-content/uploads/2020/10/E01-2020-4.xls,2020,12,export,"Fibres, not spun",fibres_not_spun,423124423.0000005,423124.4230000005,1000 USD
https://www.nso.gov.vn/en/data-and-statistics/2020/10/preliminary-exports-and-imports-of-goods-by-main-countries-and-territories-in-2020/,https://www.nso.gov.vn/wp-content/uploads/2020/10/E01-2020-4.xls,2020,12,export,"Fibres, not spun",fibres_not_spun,3736574879.0,3736574.879,1000 USD
https://www.nso.gov.vn/en/data-and-statistics/2020/10/preliminary-exports-and-imports-of-goods-by-main-countries-and-territories-in-2020/,https://www.nso.gov.vn/wp-content/uploads/2020/10/E01-2020-4.xls,2020,12,export,Pieces of cloth and other technical cloths,technical_cloths,49058777.00000002,49058.777000000024,1000 USD
https://www.nso.gov.vn/en/data-and-statistics/2020/10/preliminary-exports-and-imports-of-goods-by-main-countries-and-territories-in-2020/,https://www.nso.gov.vn/wp-content/uploads/2020/10/E01-2020-4.xls,2020,12,export,Pieces of cloth and other technical cloths,technical_cloths,456004964.0,456004.964,1000 USD
https://www.nso.gov.vn/en/data-and-statistics/2020/10/preliminary-exports-and-imports-of-goods-by-main-countries-and-territories-in-2020/,https://www.nso.gov.vn/wp-content/uploads/2020/10/E01-2020-4.xls,2020,12,export,"Auxiliary materials for textile, garment, leather, footwear",textile_garment_leather_footwear_materials_auxiliaries,176015389.99999997,176015.38999999998,1000 USD
https://www.nso.gov.vn/en/data-and-statistics/2020/10/preliminary-exports-and-imports-of-goods-by-main-countries-and-territories-in-2020/,https://www.nso.gov.vn/wp-content/uploads/2020/10/E01-2020-4.xls,2020,12,export,"Auxiliary materials for textile, garment, leather, footwear",textile_garment_leather_footwear_materials_auxiliaries,1687539779.0,1687539.779,1000 USD
https://www.nso.gov.vn/en/data-and-statistics/2020/10/preliminary-exports-and-imports-of-goods-by-main-countries-and-territories-in-2020/,https://www.nso.gov.vn/wp-content/uploads/2020/10/E01-2020-4.xls,2020,12,export,"Textile, sewing products",textiles_and_garments_or_sewing_products,2832267095.9999986,2832267.0959999985,1000 USD
https://www.nso.gov.vn/en/data-and-statistics/2020/10/preliminary-exports-and-imports-of-goods-by-main-countries-and-territories-in-2020/,https://www.nso.gov.vn/wp-content/uploads/2020/10/E01-2020-4.xls,2020,12,export,"Textile, sewing products",textiles_and_garments_or_sewing_products,29809802310.0,29809802.31,1000 USD
https://www.nso.gov.vn/en/data-and-statistics/2020/10/preliminary-exports-and-imports-of-goods-by-main-countries-and-territories-in-2020/,https://www.nso.gov.vn/wp-content/uploads/2020/10/E02-2020-4.xls,2020,12,import,Cotton,cotton,201010972.00000024,201010.97200000024,1000 USD
https://www.nso.gov.vn/en/data-and-statistics/2020/10/preliminary-exports-and-imports-of-goods-by-main-countries-and-territories-in-2020/,https://www.nso.gov.vn/wp-content/uploads/2020/10/E02-2020-4.xls,2020,12,import,Cotton,cotton,2282256483.0,2282256.483,1000 USD
https://www.nso.gov.vn/en/data-and-statistics/2020/10/preliminary-exports-and-imports-of-goods-by-main-countries-and-territories-in-2020/,https://www.nso.gov.vn/wp-content/uploads/2020/10/E02-2020-4.xls,2020,12,import,Textile fibrics,fabrics,1223174649.0000007,1223174.6490000007,1000 USD
https://www.nso.gov.vn/en/data-and-statistics/2020/10/preliminary-exports-and-imports-of-goods-by-main-countries-and-territories-in-2020/,https://www.nso.gov.vn/wp-content/uploads/2020/10/E02-2020-4.xls,2020,12,import,Textile fibrics,fabrics,11875558886.0,11875558.886,1000 USD
https://www.nso.gov.vn/en/data-and-statistics/2020/10/preliminary-exports-and-imports-of-goods-by-main-countries-and-territories-in-2020/,https://www.nso.gov.vn/wp-content/uploads/2020/10/E02-2020-4.xls,2020,12,import,"Fibres, not spun",fibres_not_spun,210342313.99999997,210342.31399999998,1000 USD
https://www.nso.gov.vn/en/data-and-statistics/2020/10/preliminary-exports-and-imports-of-goods-by-main-countries-and-territories-in-2020/,https://www.nso.gov.vn/wp-content/uploads/2020/10/E02-2020-4.xls,2020,12,import,"Fibres, not spun",fibres_not_spun,1998830298.0,1998830.298,1000 USD
https://www.nso.gov.vn/en/data-and-statistics/2020/10/preliminary-exports-and-imports-of-goods-by-main-countries-and-territories-in-2020/,https://www.nso.gov.vn/wp-content/uploads/2020/10/E02-2020-4.xls,2020,12,import,"Auxiliary materials for textile, garment, leather, footwear",textile_garment_leather_footwear_materials_auxiliaries,564766925.0000007,564766.9250000007,1000 USD
https://www.nso.gov.vn/en/data-and-statistics/2020/10/preliminary-exports-and-imports-of-goods-by-main-countries-and-territories-in-2020/,https://www.nso.gov.vn/wp-content/uploads/2020/10/E02-2020-4.xls,2020,12,import,"Auxiliary materials for textile, garment, leather, footwear",textile_garment_leather_footwear_materials_auxiliaries,5381106366.0,5381106.366,1000 USD
https://www.nso.gov.vn/en/data-and-statistics/2021/03/exports-and-imports-value-by-months-of-2021/,https://www.nso.gov.vn/wp-content/uploads/2021/03/E01-2021-10.xls,2021,1,export,"Fibres, not spun",fibres_not_spun,394570189.0,394570.189,1000 USD
https://www.nso.gov.vn/en/data-and-statistics/2021/03/exports-and-imports-value-by-months-of-2021/,https://www.nso.gov.vn/wp-content/uploads/2021/03/E01-2021-10.xls,2021,1,export,Pieces of cloth and other technical cloths,technical_cloths,51258884.0,51258.884,1000 USD
https://www.nso.gov.vn/en/data-and-statistics/2021/03/exports-and-imports-value-by-months-of-2021/,https://www.nso.gov.vn/wp-content/uploads/2021/03/E01-2021-10.xls,2021,1,export,"Auxiliary materials for textile, garment, leather, footwear",textile_garment_leather_footwear_materials_auxiliaries,170245517.0,170245.517,1000 USD
https://www.nso.gov.vn/en/data-and-statistics/2021/03/exports-and-imports-value-by-months-of-2021/,https://www.nso.gov.vn/wp-content/uploads/2021/03/E01-2021-10.xls,2021,1,export,"Textile, sewing products",textiles_and_garments_or_sewing_products,2660832006.0,2660832.006,1000 USD
https://www.nso.gov.vn/en/data-and-statistics/2021/03/exports-and-imports-value-by-months-of-2021/,https://www.nso.gov.vn/wp-content/uploads/2021/03/E02-2021-10.xls,2021,1,import,Cotton,cotton,197062968.0,197062.968,1000 USD
https://www.nso.gov.vn/en/data-and-statistics/2021/03/exports-and-imports-value-by-months-of-2021/,https://www.nso.gov.vn/wp-content/uploads/2021/03/E02-2021-10.xls,2021,1,import,Textile fibrics,fabrics,1107855289.0,1107855.289,1000 USD
https://www.nso.gov.vn/en/data-and-statistics/2021/03/exports-and-imports-value-by-months-of-2021/,https://www.nso.gov.vn/wp-content/uploads/2021/03/E02-2021-10.xls,2021,1,import,"Fibres, not spun",fibres_not_spun,220100110.0,220100.11,1000 USD
https://www.nso.gov.vn/en/data-and-statistics/2021/03/exports-and-imports-value-by-months-of-2021/,https://www.nso.gov.vn/wp-content/uploads/2021/03/E02-2021-10.xls,2021,1,import,"Auxiliary materials for textile, garment, leather, footwear",textile_garment_leather_footwear_materials_auxiliaries,528598993.0,528598.993,1000 USD
https://www.nso.gov.vn/en/data-and-statistics/2021/03/exports-and-imports-value-by-months-of-2021/,https://www.nso.gov.vn/wp-content/uploads/2021/03/E01-2021-10.xls,2021,2,export,"Fibres, not spun",fibres_not_spun,311539476.0,311539.476,1000 USD
https://www.nso.gov.vn/en/data-and-statistics/2021/03/exports-and-imports-value-by-months-of-2021/,https://www.nso.gov.vn/wp-content/uploads/2021/03/E01-2021-10.xls,2021,2,export,Pieces of cloth and other technical cloths,technical_cloths,53383954.00000001,53383.954000000005,1000 USD
https://www.nso.gov.vn/en/data-and-statistics/2021/03/exports-and-imports-value-by-months-of-2021/,https://www.nso.gov.vn/wp-content/uploads/2021/03/E01-2021-10.xls,2021,2,export,"Auxiliary materials for textile, garment, leather, footwear",textile_garment_leather_footwear_materials_auxiliaries,118599381.99999999,118599.38199999998,1000 USD
https://www.nso.gov.vn/en/data-and-statistics/2021/03/exports-and-imports-value-by-months-of-2021/,https://www.nso.gov.vn/wp-content/uploads/2021/03/E01-2021-10.xls,2021,2,export,"Textile, sewing products",textiles_and_garments_or_sewing_products,1822841774.0000002,1822841.7740000002,1000 USD
https://www.nso.gov.vn/en/data-and-statistics/2021/03/exports-and-imports-value-by-months-of-2021/,https://www.nso.gov.vn/wp-content/uploads/2021/03/E02-2021-10.xls,2021,2,import,Cotton,cotton,168708144.00000003,168708.14400000003,1000 USD
https://www.nso.gov.vn/en/data-and-statistics/2021/03/exports-and-imports-value-by-months-of-2021/,https://www.nso.gov.vn/wp-content/uploads/2021/03/E02-2021-10.xls,2021,2,import,Textile fibrics,fabrics,782739348.9999999,782739.3489999999,1000 USD
https://www.nso.gov.vn/en/data-and-statistics/2021/03/exports-and-imports-value-by-months-of-2021/,https://www.nso.gov.vn/wp-content/uploads/2021/03/E02-2021-10.xls,2021,2,import,"Fibres, not spun",fibres_not_spun,157672170.0,157672.17,1000 USD
https://www.nso.gov.vn/en/data-and-statistics/2021/03/exports-and-imports-value-by-months-of-2021/,https://www.nso.gov.vn/wp-content/uploads/2021/03/E02-2021-10.xls,2021,2,import,"Auxiliary materials for textile, garment, leather, footwear",textile_garment_leather_footwear_materials_auxiliaries,353788665.00000006,353788.66500000004,1000 USD
https://www.nso.gov.vn/en/data-and-statistics/2021/03/exports-and-imports-value-by-months-of-2021/,https://www.nso.gov.vn/wp-content/uploads/2021/03/E01-2021-10.xls,2021,3,export,"Fibres, not spun",fibres_not_spun,511067392.99999994,511067.3929999999,1000 USD
https://www.nso.gov.vn/en/data-and-statistics/2021/03/exports-and-imports-value-by-months-of-2021/,https://www.nso.gov.vn/wp-content/uploads/2021/03/E01-2021-10.xls,2021,3,export,Pieces of cloth and other technical cloths,technical_cloths,60648602.99999999,60648.602999999996,1000 USD
https://www.nso.gov.vn/en/data-and-statistics/2021/03/exports-and-imports-value-by-months-of-2021/,https://www.nso.gov.vn/wp-content/uploads/2021/03/E01-2021-10.xls,2021,3,export,"Auxiliary materials for textile, garment, leather, footwear",textile_garment_leather_footwear_materials_auxiliaries,183532955.00000003,183532.95500000002,1000 USD
https://www.nso.gov.vn/en/data-and-statistics/2021/03/exports-and-imports-value-by-months-of-2021/,https://www.nso.gov.vn/wp-content/uploads/2021/03/E01-2021-10.xls,2021,3,export,"Textile, sewing products",textiles_and_garments_or_sewing_products,2722180875.0,2722180.875,1000 USD
https://www.nso.gov.vn/en/data-and-statistics/2021/03/exports-and-imports-value-by-months-of-2021/,https://www.nso.gov.vn/wp-content/uploads/2021/03/E02-2021-10.xls,2021,3,import,Cotton,cotton,311439141.0,311439.141,1000 USD
https://www.nso.gov.vn/en/data-and-statistics/2021/03/exports-and-imports-value-by-months-of-2021/,https://www.nso.gov.vn/wp-content/uploads/2021/03/E02-2021-10.xls,2021,3,import,Textile fibrics,fabrics,1090012957.9999998,1090012.9579999999,1000 USD
https://www.nso.gov.vn/en/data-and-statistics/2021/03/exports-and-imports-value-by-months-of-2021/,https://www.nso.gov.vn/wp-content/uploads/2021/03/E02-2021-10.xls,2021,3,import,"Fibres, not spun",fibres_not_spun,254218900.0,254218.9,1000 USD
https://www.nso.gov.vn/en/data-and-statistics/2021/03/exports-and-imports-value-by-months-of-2021/,https://www.nso.gov.vn/wp-content/uploads/2021/03/E02-2021-10.xls,2021,3,import,"Auxiliary materials for textile, garment, leather, footwear",textile_garment_leather_footwear_materials_auxiliaries,617568132.9999999,617568.1329999999,1000 USD
https://www.nso.gov.vn/en/data-and-statistics/2021/03/exports-and-imports-value-by-months-of-2021/,https://www.nso.gov.vn/wp-content/uploads/2021/03/E01-2021-10.xls,2021,4,export,"Fibres, not spun",fibres_not_spun,464042275.0000001,464042.27500000014,1000 USD
https://www.nso.gov.vn/en/data-and-statistics/2021/03/exports-and-imports-value-by-months-of-2021/,https://www.nso.gov.vn/wp-content/uploads/2021/03/E01-2021-10.xls,2021,4,export,Pieces of cloth and other technical cloths,technical_cloths,61747700.00000001,61747.700000000004,1000 USD
https://www.nso.gov.vn/en/data-and-statistics/2021/03/exports-and-imports-value-by-months-of-2021/,https://www.nso.gov.vn/wp-content/uploads/2021/03/E01-2021-10.xls,2021,4,export,"Auxiliary materials for textile, garment, leather, footwear",textile_garment_leather_footwear_materials_auxiliaries,181914134.99999994,181914.13499999995,1000 USD
https://www.nso.gov.vn/en/data-and-statistics/2021/03/exports-and-imports-value-by-months-of-2021/,https://www.nso.gov.vn/wp-content/uploads/2021/03/E01-2021-10.xls,2021,4,export,"Textile, sewing products",textiles_and_garments_or_sewing_products,2455257408.999999,2455257.408999999,1000 USD
https://www.nso.gov.vn/en/data-and-statistics/2021/03/exports-and-imports-value-by-months-of-2021/,https://www.nso.gov.vn/wp-content/uploads/2021/03/E02-2021-10.xls,2021,4,import,Cotton,cotton,318752279.00000006,318752.27900000004,1000 USD
https://www.nso.gov.vn/en/data-and-statistics/2021/03/exports-and-imports-value-by-months-of-2021/,https://www.nso.gov.vn/wp-content/uploads/2021/03/E02-2021-10.xls,2021,4,import,Textile fibrics,fabrics,1410352356.0,1410352.356,1000 USD
https://www.nso.gov.vn/en/data-and-statistics/2021/03/exports-and-imports-value-by-months-of-2021/,https://www.nso.gov.vn/wp-content/uploads/2021/03/E02-2021-10.xls,2021,4,import,"Fibres, not spun",fibres_not_spun,243112980.0,243112.98,1000 USD
https://www.nso.gov.vn/en/data-and-statistics/2021/03/exports-and-imports-value-by-months-of-2021/,https://www.nso.gov.vn/wp-content/uploads/2021/03/E02-2021-10.xls,2021,4,import,"Auxiliary materials for textile, garment, leather, footwear",textile_garment_leather_footwear_materials_auxiliaries,632018724.9999999,632018.7249999999,1000 USD
https://www.nso.gov.vn/en/data-and-statistics/2021/03/exports-and-imports-value-by-months-of-2021/,https://www.nso.gov.vn/wp-content/uploads/2021/03/E01-2021-10.xls,2021,5,export,"Fibres, not spun",fibres_not_spun,472904064.99999994,472904.06499999994,1000 USD
https://www.nso.gov.vn/en/data-and-statistics/2021/03/exports-and-imports-value-by-months-of-2021/,https://www.nso.gov.vn/wp-content/uploads/2021/03/E01-2021-10.xls,2021,5,export,Pieces of cloth and other technical cloths,technical_cloths,69659608.0,69659.60800000001,1000 USD
https://www.nso.gov.vn/en/data-and-statistics/2021/03/exports-and-imports-value-by-months-of-2021/,https://www.nso.gov.vn/wp-content/uploads/2021/03/E01-2021-10.xls,2021,5,export,"Auxiliary materials for textile, garment, leather, footwear",textile_garment_leather_footwear_materials_auxiliaries,166638460.00000003,166638.46000000002,1000 USD
https://www.nso.gov.vn/en/data-and-statistics/2021/03/exports-and-imports-value-by-months-of-2021/,https://www.nso.gov.vn/wp-content/uploads/2021/03/E01-2021-10.xls,2021,5,export,"Textile, sewing products",textiles_and_garments_or_sewing_products,2570137524.9999995,2570137.5249999994,1000 USD
https://www.nso.gov.vn/en/data-and-statistics/2021/03/exports-and-imports-value-by-months-of-2021/,https://www.nso.gov.vn/wp-content/uploads/2021/03/E02-2021-10.xls,2021,5,import,Cotton,cotton,303704273.99999994,303704.2739999999,1000 USD
https://www.nso.gov.vn/en/data-and-statistics/2021/03/exports-and-imports-value-by-months-of-2021/,https://www.nso.gov.vn/wp-content/uploads/2021/03/E02-2021-10.xls,2021,5,import,Textile fibrics,fabrics,1506351734.0000005,1506351.7340000004,1000 USD
https://www.nso.gov.vn/en/data-and-statistics/2021/03/exports-and-imports-value-by-months-of-2021/,https://www.nso.gov.vn/wp-content/uploads/2021/03/E02-2021-10.xls,2021,5,import,"Fibres, not spun",fibres_not_spun,225901690.0,225901.69,1000 USD
https://www.nso.gov.vn/en/data-and-statistics/2021/03/exports-and-imports-value-by-months-of-2021/,https://www.nso.gov.vn/wp-content/uploads/2021/03/E02-2021-10.xls,2021,5,import,"Auxiliary materials for textile, garment, leather, footwear",textile_garment_leather_footwear_materials_auxiliaries,620632855.9999999,620632.8559999999,1000 USD
https://www.nso.gov.vn/en/data-and-statistics/2021/03/exports-and-imports-value-by-months-of-2021/,https://www.nso.gov.vn/wp-content/uploads/2021/03/E01-2021-10.xls,2021,6,export,"Fibres, not spun",fibres_not_spun,488780086.0000001,488780.0860000001,1000 USD
https://www.nso.gov.vn/en/data-and-statistics/2021/03/exports-and-imports-value-by-months-of-2021/,https://www.nso.gov.vn/wp-content/uploads/2021/03/E01-2021-10.xls,2021,6,export,Pieces of cloth and other technical cloths,technical_cloths,62993809.99999999,62993.80999999999,1000 USD
https://www.nso.gov.vn/en/data-and-statistics/2021/03/exports-and-imports-value-by-months-of-2021/,https://www.nso.gov.vn/wp-content/uploads/2021/03/E01-2021-10.xls,2021,6,export,"Auxiliary materials for textile, garment, leather, footwear",textile_garment_leather_footwear_materials_auxiliaries,173338403.9999999,173338.40399999992,1000 USD
https://www.nso.gov.vn/en/data-and-statistics/2021/03/exports-and-imports-value-by-months-of-2021/,https://www.nso.gov.vn/wp-content/uploads/2021/03/E01-2021-10.xls,2021,6,export,"Textile, sewing products",textiles_and_garments_or_sewing_products,3079457862.0000005,3079457.8620000007,1000 USD
https://www.nso.gov.vn/en/data-and-statistics/2021/03/exports-and-imports-value-by-months-of-2021/,https://www.nso.gov.vn/wp-content/uploads/2021/03/E02-2021-10.xls,2021,6,import,Cotton,cotton,284221398.99999994,284221.3989999999,1000 USD
https://www.nso.gov.vn/en/data-and-statistics/2021/03/exports-and-imports-value-by-months-of-2021/,https://www.nso.gov.vn/wp-content/uploads/2021/03/E02-2021-10.xls,2021,6,import,Textile fibrics,fabrics,1387830165.0000002,1387830.1650000003,1000 USD
https://www.nso.gov.vn/en/data-and-statistics/2021/03/exports-and-imports-value-by-months-of-2021/,https://www.nso.gov.vn/wp-content/uploads/2021/03/E02-2021-10.xls,2021,6,import,"Fibres, not spun",fibres_not_spun,223354920.0,223354.92,1000 USD
https://www.nso.gov.vn/en/data-and-statistics/2021/03/exports-and-imports-value-by-months-of-2021/,https://www.nso.gov.vn/wp-content/uploads/2021/03/E02-2021-10.xls,2021,6,import,"Auxiliary materials for textile, garment, leather, footwear",textile_garment_leather_footwear_materials_auxiliaries,581960351.0000007,581960.3510000007,1000 USD
https://www.nso.gov.vn/en/data-and-statistics/2021/03/exports-and-imports-value-by-months-of-2021/,https://www.nso.gov.vn/wp-content/uploads/2021/03/E01-2021-10.xls,2021,7,export,"Fibres, not spun",fibres_not_spun,520624364.00000006,520624.36400000006,1000 USD
https://www.nso.gov.vn/en/data-and-statistics/2021/03/exports-and-imports-value-by-months-of-2021/,https://www.nso.gov.vn/wp-content/uploads/2021/03/E01-2021-10.xls,2021,7,export,Pieces of cloth and other technical cloths,technical_cloths,72702184.00000001,72702.18400000001,1000 USD
https://www.nso.gov.vn/en/data-and-statistics/2021/03/exports-and-imports-value-by-months-of-2021/,https://www.nso.gov.vn/wp-content/uploads/2021/03/E01-2021-10.xls,2021,7,export,"Auxiliary materials for textile, garment, leather, footwear",textile_garment_leather_footwear_materials_auxiliaries,166776746.0000001,166776.7460000001,1000 USD
https://www.nso.gov.vn/en/data-and-statistics/2021/03/exports-and-imports-value-by-months-of-2021/,https://www.nso.gov.vn/wp-content/uploads/2021/03/E01-2021-10.xls,2021,7,export,"Textile, sewing products",textiles_and_garments_or_sewing_products,3150865229.000003,3150865.229000003,1000 USD
https://www.nso.gov.vn/en/data-and-statistics/2021/03/exports-and-imports-value-by-months-of-2021/,https://www.nso.gov.vn/wp-content/uploads/2021/03/E02-2021-10.xls,2021,7,import,Cotton,cotton,274884555.9999998,274884.5559999998,1000 USD
https://www.nso.gov.vn/en/data-and-statistics/2021/03/exports-and-imports-value-by-months-of-2021/,https://www.nso.gov.vn/wp-content/uploads/2021/03/E02-2021-10.xls,2021,7,import,Textile fibrics,fabrics,1234202532.0,1234202.532,1000 USD
https://www.nso.gov.vn/en/data-and-statistics/2021/03/exports-and-imports-value-by-months-of-2021/,https://www.nso.gov.vn/wp-content/uploads/2021/03/E02-2021-10.xls,2021,7,import,"Fibres, not spun",fibres_not_spun,233295550.0,233295.55,1000 USD
https://www.nso.gov.vn/en/data-and-statistics/2021/03/exports-and-imports-value-by-months-of-2021/,https://www.nso.gov.vn/wp-content/uploads/2021/03/E02-2021-10.xls,2021,7,import,"Auxiliary materials for textile, garment, leather, footwear",textile_garment_leather_footwear_materials_auxiliaries,534564443.0,534564.443,1000 USD
https://www.nso.gov.vn/en/data-and-statistics/2021/03/exports-and-imports-value-by-months-of-2021/,https://www.nso.gov.vn/wp-content/uploads/2021/03/E01-2021-10.xls,2021,8,export,"Fibres, not spun",fibres_not_spun,480439130.9999996,480439.1309999996,1000 USD
https://www.nso.gov.vn/en/data-and-statistics/2021/03/exports-and-imports-value-by-months-of-2021/,https://www.nso.gov.vn/wp-content/uploads/2021/03/E01-2021-10.xls,2021,8,export,Pieces of cloth and other technical cloths,technical_cloths,73170473.0,73170.473,1000 USD
https://www.nso.gov.vn/en/data-and-statistics/2021/03/exports-and-imports-value-by-months-of-2021/,https://www.nso.gov.vn/wp-content/uploads/2021/03/E01-2021-10.xls,2021,8,export,"Auxiliary materials for textile, garment, leather, footwear",textile_garment_leather_footwear_materials_auxiliaries,147057818.00000003,147057.81800000003,1000 USD
https://www.nso.gov.vn/en/data-and-statistics/2021/03/exports-and-imports-value-by-months-of-2021/,https://www.nso.gov.vn/wp-content/uploads/2021/03/E01-2021-10.xls,2021,8,export,"Textile, sewing products",textiles_and_garments_or_sewing_products,2647964063.000002,2647964.063000002,1000 USD
https://www.nso.gov.vn/en/data-and-statistics/2021/03/exports-and-imports-value-by-months-of-2021/,https://www.nso.gov.vn/wp-content/uploads/2021/03/E02-2021-10.xls,2021,8,import,Cotton,cotton,267923002.99999997,267923.00299999997,1000 USD
https://www.nso.gov.vn/en/data-and-statistics/2021/03/exports-and-imports-value-by-months-of-2021/,https://www.nso.gov.vn/wp-content/uploads/2021/03/E02-2021-10.xls,2021,8,import,Textile fibrics,fabrics,1005613189.0000014,1005613.1890000014,1000 USD
https://www.nso.gov.vn/en/data-and-statistics/2021/03/exports-and-imports-value-by-months-of-2021/,https://www.nso.gov.vn/wp-content/uploads/2021/03/E02-2021-10.xls,2021,8,import,"Fibres, not spun",fibres_not_spun,178501169.99999997,178501.16999999998,1000 USD
https://www.nso.gov.vn/en/data-and-statistics/2021/03/exports-and-imports-value-by-months-of-2021/,https://www.nso.gov.vn/wp-content/uploads/2021/03/E02-2021-10.xls,2021,8,import,"Auxiliary materials for textile, garment, leather, footwear",textile_garment_leather_footwear_materials_auxiliaries,443357291.9999994,443357.29199999943,1000 USD
https://www.nso.gov.vn/en/data-and-statistics/2021/03/exports-and-imports-value-by-months-of-2021/,https://www.nso.gov.vn/wp-content/uploads/2021/03/E01-2021-10.xls,2021,9,export,"Fibres, not spun",fibres_not_spun,452870883.00000036,452870.8830000004,1000 USD
https://www.nso.gov.vn/en/data-and-statistics/2021/03/exports-and-imports-value-by-months-of-2021/,https://www.nso.gov.vn/wp-content/uploads/2021/03/E01-2021-10.xls,2021,9,export,Pieces of cloth and other technical cloths,technical_cloths,70663353.99999994,70663.35399999993,1000 USD
https://www.nso.gov.vn/en/data-and-statistics/2021/03/exports-and-imports-value-by-months-of-2021/,https://www.nso.gov.vn/wp-content/uploads/2021/03/E01-2021-10.xls,2021,9,export,"Auxiliary materials for textile, garment, leather, footwear",textile_garment_leather_footwear_materials_auxiliaries,134455826.00000018,134455.82600000018,1000 USD
https://www.nso.gov.vn/en/data-and-statistics/2021/03/exports-and-imports-value-by-months-of-2021/,https://www.nso.gov.vn/wp-content/uploads/2021/03/E01-2021-10.xls,2021,9,export,"Textile, sewing products",textiles_and_garments_or_sewing_products,2298221809.0000014,2298221.8090000013,1000 USD
https://www.nso.gov.vn/en/data-and-statistics/2021/03/exports-and-imports-value-by-months-of-2021/,https://www.nso.gov.vn/wp-content/uploads/2021/03/E02-2021-10.xls,2021,9,import,Cotton,cotton,329344485.99999994,329344.4859999999,1000 USD
https://www.nso.gov.vn/en/data-and-statistics/2021/03/exports-and-imports-value-by-months-of-2021/,https://www.nso.gov.vn/wp-content/uploads/2021/03/E02-2021-10.xls,2021,9,import,Textile fibrics,fabrics,989836462.9999998,989836.4629999998,1000 USD
https://www.nso.gov.vn/en/data-and-statistics/2021/03/exports-and-imports-value-by-months-of-2021/,https://www.nso.gov.vn/wp-content/uploads/2021/03/E02-2021-10.xls,2021,9,import,"Fibres, not spun",fibres_not_spun,153785650.0,153785.65,1000 USD
https://www.nso.gov.vn/en/data-and-statistics/2021/03/exports-and-imports-value-by-months-of-2021/,https://www.nso.gov.vn/wp-content/uploads/2021/03/E02-2021-10.xls,2021,9,import,"Auxiliary materials for textile, garment, leather, footwear",textile_garment_leather_footwear_materials_auxiliaries,438185040.00000006,438185.04000000004,1000 USD
https://www.nso.gov.vn/en/data-and-statistics/2021/03/exports-and-imports-value-by-months-of-2021/,https://www.nso.gov.vn/wp-content/uploads/2021/03/E01-2021-10.xls,2021,10,export,"Fibres, not spun",fibres_not_spun,468016516.9999995,468016.5169999995,1000 USD
https://www.nso.gov.vn/en/data-and-statistics/2021/03/exports-and-imports-value-by-months-of-2021/,https://www.nso.gov.vn/wp-content/uploads/2021/03/E01-2021-10.xls,2021,10,export,Pieces of cloth and other technical cloths,technical_cloths,73125093.0,73125.093,1000 USD
https://www.nso.gov.vn/en/data-and-statistics/2021/03/exports-and-imports-value-by-months-of-2021/,https://www.nso.gov.vn/wp-content/uploads/2021/03/E01-2021-10.xls,2021,10,export,"Auxiliary materials for textile, garment, leather, footwear",textile_garment_leather_footwear_materials_auxiliaries,146709760.00000006,146709.76000000007,1000 USD
https://www.nso.gov.vn/en/data-and-statistics/2021/03/exports-and-imports-value-by-months-of-2021/,https://www.nso.gov.vn/wp-content/uploads/2021/03/E01-2021-10.xls,2021,10,export,"Textile, sewing products",textiles_and_garments_or_sewing_products,2683315886.999999,2683315.886999999,1000 USD
https://www.nso.gov.vn/en/data-and-statistics/2021/03/exports-and-imports-value-by-months-of-2021/,https://www.nso.gov.vn/wp-content/uploads/2021/03/E02-2021-10.xls,2021,10,import,Cotton,cotton,252731010.99999988,252731.01099999988,1000 USD
https://www.nso.gov.vn/en/data-and-statistics/2021/03/exports-and-imports-value-by-months-of-2021/,https://www.nso.gov.vn/wp-content/uploads/2021/03/E02-2021-10.xls,2021,10,import,Textile fibrics,fabrics,1102409847.9999995,1102409.8479999995,1000 USD
https://www.nso.gov.vn/en/data-and-statistics/2021/03/exports-and-imports-value-by-months-of-2021/,https://www.nso.gov.vn/wp-content/uploads/2021/03/E02-2021-10.xls,2021,10,import,"Fibres, not spun",fibres_not_spun,182170458.0000002,182170.45800000022,1000 USD
https://www.nso.gov.vn/en/data-and-statistics/2021/03/exports-and-imports-value-by-months-of-2021/,https://www.nso.gov.vn/wp-content/uploads/2021/03/E02-2021-10.xls,2021,10,import,"Auxiliary materials for textile, garment, leather, footwear",textile_garment_leather_footwear_materials_auxiliaries,434236020.0000005,434236.0200000005,1000 USD
https://www.nso.gov.vn/en/data-and-statistics/2021/03/exports-and-imports-value-by-months-of-2021/,https://www.nso.gov.vn/wp-content/uploads/2021/03/E01-2021-10.xls,2021,11,export,"Fibres, not spun",fibres_not_spun,513077995.0000006,513077.9950000006,1000 USD
https://www.nso.gov.vn/en/data-and-statistics/2021/03/exports-and-imports-value-by-months-of-2021/,https://www.nso.gov.vn/wp-content/uploads/2021/03/E01-2021-10.xls,2021,11,export,Pieces of cloth and other technical cloths,technical_cloths,68944134.00000007,68944.13400000008,1000 USD
https://www.nso.gov.vn/en/data-and-statistics/2021/03/exports-and-imports-value-by-months-of-2021/,https://www.nso.gov.vn/wp-content/uploads/2021/03/E01-2021-10.xls,2021,11,export,"Auxiliary materials for textile, garment, leather, footwear",textile_garment_leather_footwear_materials_auxiliaries,192017686.00000006,192017.68600000005,1000 USD
https://www.nso.gov.vn/en/data-and-statistics/2021/03/exports-and-imports-value-by-months-of-2021/,https://www.nso.gov.vn/wp-content/uploads/2021/03/E01-2021-10.xls,2021,11,export,"Textile, sewing products",textiles_and_garments_or_sewing_products,3050596156.0000005,3050596.1560000004,1000 USD
https://www.nso.gov.vn/en/data-and-statistics/2021/03/exports-and-imports-value-by-months-of-2021/,https://www.nso.gov.vn/wp-content/uploads/2021/03/E02-2021-10.xls,2021,11,import,Cotton,cotton,280089709.0000002,280089.7090000002,1000 USD
https://www.nso.gov.vn/en/data-and-statistics/2021/03/exports-and-imports-value-by-months-of-2021/,https://www.nso.gov.vn/wp-content/uploads/2021/03/E02-2021-10.xls,2021,11,import,Textile fibrics,fabrics,1335934765.0000007,1335934.7650000008,1000 USD
https://www.nso.gov.vn/en/data-and-statistics/2021/03/exports-and-imports-value-by-months-of-2021/,https://www.nso.gov.vn/wp-content/uploads/2021/03/E02-2021-10.xls,2021,11,import,"Fibres, not spun",fibres_not_spun,222884899.0000001,222884.8990000001,1000 USD
https://www.nso.gov.vn/en/data-and-statistics/2021/03/exports-and-imports-value-by-months-of-2021/,https://www.nso.gov.vn/wp-content/uploads/2021/03/E02-2021-10.xls,2021,11,import,"Auxiliary materials for textile, garment, leather, footwear",textile_garment_leather_footwear_materials_auxiliaries,551110168.9999998,551110.1689999998,1000 USD
https://www.nso.gov.vn/en/data-and-statistics/2021/03/exports-and-imports-value-by-months-of-2021/,https://www.nso.gov.vn/wp-content/uploads/2021/03/E01-2021-10.xls,2021,12,export,"Fibres, not spun",fibres_not_spun,534339203.99999946,534339.2039999994,1000 USD
https://www.nso.gov.vn/en/data-and-statistics/2021/03/exports-and-imports-value-by-months-of-2021/,https://www.nso.gov.vn/wp-content/uploads/2021/03/E01-2021-10.xls,2021,12,export,"Fibres, not spun",fibres_not_spun,5612271578.0,5612271.578,1000 USD
https://www.nso.gov.vn/en/data-and-statistics/2021/03/exports-and-imports-value-by-months-of-2021/,https://www.nso.gov.vn/wp-content/uploads/2021/03/E01-2021-10.xls,2021,12,export,Pieces of cloth and other technical cloths,technical_cloths,66422055.999999985,66422.05599999998,1000 USD
https://www.nso.gov.vn/en/data-and-statistics/2021/03/exports-and-imports-value-by-months-of-2021/,https://www.nso.gov.vn/wp-content/uploads/2021/03/E01-2021-10.xls,2021,12,export,Pieces of cloth and other technical cloths,technical_cloths,784719853.0,784719.853,1000 USD
https://www.nso.gov.vn/en/data-and-statistics/2021/03/exports-and-imports-value-by-months-of-2021/,https://www.nso.gov.vn/wp-content/uploads/2021/03/E01-2021-10.xls,2021,12,export,"Auxiliary materials for textile, garment, leather, footwear",textile_garment_leather_footwear_materials_auxiliaries,213509511.0,213509.511,1000 USD
https://www.nso.gov.vn/en/data-and-statistics/2021/03/exports-and-imports-value-by-months-of-2021/,https://www.nso.gov.vn/wp-content/uploads/2021/03/E01-2021-10.xls,2021,12,export,"Auxiliary materials for textile, garment, leather, footwear",textile_garment_leather_footwear_materials_auxiliaries,1994796200.0,1994796.2,1000 USD
https://www.nso.gov.vn/en/data-and-statistics/2021/03/exports-and-imports-value-by-months-of-2021/,https://www.nso.gov.vn/wp-content/uploads/2021/03/E01-2021-10.xls,2021,12,export,"Textile, sewing products",textiles_and_garments_or_sewing_products,3611928070.0000014,3611928.070000001,1000 USD
https://www.nso.gov.vn/en/data-and-statistics/2021/03/exports-and-imports-value-by-months-of-2021/,https://www.nso.gov.vn/wp-content/uploads/2021/03/E01-2021-10.xls,2021,12,export,"Textile, sewing products",textiles_and_garments_or_sewing_products,32753598665.0,32753598.665,1000 USD
https://www.nso.gov.vn/en/data-and-statistics/2021/03/exports-and-imports-value-by-months-of-2021/,https://www.nso.gov.vn/wp-content/uploads/2021/03/E02-2021-10.xls,2021,12,import,Cotton,cotton,243330981.9999998,243330.98199999979,1000 USD
https://www.nso.gov.vn/en/data-and-statistics/2021/03/exports-and-imports-value-by-months-of-2021/,https://www.nso.gov.vn/wp-content/uploads/2021/03/E02-2021-10.xls,2021,12,import,Cotton,cotton,3232191952.0,3232191.952,1000 USD
https://www.nso.gov.vn/en/data-and-statistics/2021/03/exports-and-imports-value-by-months-of-2021/,https://www.nso.gov.vn/wp-content/uploads/2021/03/E02-2021-10.xls,2021,12,import,Textile fibrics,fabrics,1371524107.9999993,1371524.1079999993,1000 USD
https://www.nso.gov.vn/en/data-and-statistics/2021/03/exports-and-imports-value-by-months-of-2021/,https://www.nso.gov.vn/wp-content/uploads/2021/03/E02-2021-10.xls,2021,12,import,Textile fibrics,fabrics,14324662756.0,14324662.756,1000 USD
https://www.nso.gov.vn/en/data-and-statistics/2021/03/exports-and-imports-value-by-months-of-2021/,https://www.nso.gov.vn/wp-content/uploads/2021/03/E02-2021-10.xls,2021,12,import,"Fibres, not spun",fibres_not_spun,257572032.0,257572.032,1000 USD
https://www.nso.gov.vn/en/data-and-statistics/2021/03/exports-and-imports-value-by-months-of-2021/,https://www.nso.gov.vn/wp-content/uploads/2021/03/E02-2021-10.xls,2021,12,import,"Fibres, not spun",fibres_not_spun,2552570529.0,2552570.529,1000 USD
https://www.nso.gov.vn/en/data-and-statistics/2021/03/exports-and-imports-value-by-months-of-2021/,https://www.nso.gov.vn/wp-content/uploads/2021/03/E02-2021-10.xls,2021,12,import,"Auxiliary materials for textile, garment, leather, footwear",textile_garment_leather_footwear_materials_auxiliaries,519618280.00000024,519618.28000000026,1000 USD
https://www.nso.gov.vn/en/data-and-statistics/2021/03/exports-and-imports-value-by-months-of-2021/,https://www.nso.gov.vn/wp-content/uploads/2021/03/E02-2021-10.xls,2021,12,import,"Auxiliary materials for textile, garment, leather, footwear",textile_garment_leather_footwear_materials_auxiliaries,6255638967.0,6255638.967,1000 USD
https://www.nso.gov.vn/en/data-and-statistics/2022/03/exports-and-imports-value-by-months-of-2022/,https://www.nso.gov.vn/wp-content/uploads/2022/03/E01-2022-11.xls,2022,1,export,"Fibres, not spun",fibres_not_spun,473717028.0,473717.028,1000 USD
https://www.nso.gov.vn/en/data-and-statistics/2022/03/exports-and-imports-value-by-months-of-2022/,https://www.nso.gov.vn/wp-content/uploads/2022/03/E01-2022-11.xls,2022,1,export,Pieces of cloth and other technical cloths,technical_cloths,74503755.0,74503.755,1000 USD
https://www.nso.gov.vn/en/data-and-statistics/2022/03/exports-and-imports-value-by-months-of-2022/,https://www.nso.gov.vn/wp-content/uploads/2022/03/E01-2022-11.xls,2022,1,export,"Auxiliary materials for textile, garment, leather, footwear",textile_garment_leather_footwear_materials_auxiliaries,200374885.0,200374.885,1000 USD
https://www.nso.gov.vn/en/data-and-statistics/2022/03/exports-and-imports-value-by-months-of-2022/,https://www.nso.gov.vn/wp-content/uploads/2022/03/E01-2022-11.xls,2022,1,export,"Textile, sewing products",textiles_and_garments_or_sewing_products,3571336194.0,3571336.194,1000 USD
https://www.nso.gov.vn/en/data-and-statistics/2022/03/exports-and-imports-value-by-months-of-2022/,https://www.nso.gov.vn/wp-content/uploads/2022/03/E02-2022-11.xls,2022,1,import,Cotton,cotton,315483947.0,315483.947,1000 USD
https://www.nso.gov.vn/en/data-and-statistics/2022/03/exports-and-imports-value-by-months-of-2022/,https://www.nso.gov.vn/wp-content/uploads/2022/03/E02-2022-11.xls,2022,1,import,Textile fibrics,fabrics,1392142749.0,1392142.749,1000 USD
https://www.nso.gov.vn/en/data-and-statistics/2022/03/exports-and-imports-value-by-months-of-2022/,https://www.nso.gov.vn/wp-content/uploads/2022/03/E02-2022-11.xls,2022,1,import,"Fibres, not spun",fibres_not_spun,232316786.0,232316.786,1000 USD
https://www.nso.gov.vn/en/data-and-statistics/2022/03/exports-and-imports-value-by-months-of-2022/,https://www.nso.gov.vn/wp-content/uploads/2022/03/E02-2022-11.xls,2022,1,import,"Auxiliary materials for textile, garment, leather, footwear",textile_garment_leather_footwear_materials_auxiliaries,563910545.0,563910.545,1000 USD
https://www.nso.gov.vn/en/data-and-statistics/2022/03/exports-and-imports-value-by-months-of-2022/,https://www.nso.gov.vn/wp-content/uploads/2022/03/E01-2022-11.xls,2022,2,export,"Fibres, not spun",fibres_not_spun,444220570.0,444220.57,1000 USD
https://www.nso.gov.vn/en/data-and-statistics/2022/03/exports-and-imports-value-by-months-of-2022/,https://www.nso.gov.vn/wp-content/uploads/2022/03/E01-2022-11.xls,2022,2,export,Pieces of cloth and other technical cloths,technical_cloths,71568834.99999999,71568.83499999999,1000 USD
https://www.nso.gov.vn/en/data-and-statistics/2022/03/exports-and-imports-value-by-months-of-2022/,https://www.nso.gov.vn/wp-content/uploads/2022/03/E01-2022-11.xls,2022,2,export,"Auxiliary materials for textile, garment, leather, footwear",textile_garment_leather_footwear_materials_auxiliaries,142139023.0,142139.023,1000 USD
https://www.nso.gov.vn/en/data-and-statistics/2022/03/exports-and-imports-value-by-months-of-2022/,https://www.nso.gov.vn/wp-content/uploads/2022/03/E01-2022-11.xls,2022,2,export,"Textile, sewing products",textiles_and_garments_or_sewing_products,2065292683.0000002,2065292.6830000002,1000 USD
https://www.nso.gov.vn/en/data-and-statistics/2022/03/exports-and-imports-value-by-months-of-2022/,https://www.nso.gov.vn/wp-content/uploads/2022/03/E02-2022-11.xls,2022,2,import,Cotton,cotton,304273641.0,304273.641,1000 USD
https://www.nso.gov.vn/en/data-and-statistics/2022/03/exports-and-imports-value-by-months-of-2022/,https://www.nso.gov.vn/wp-content/uploads/2022/03/E02-2022-11.xls,2022,2,import,Textile fibrics,fabrics,945822585.9999999,945822.5859999999,1000 USD
https://www.nso.gov.vn/en/data-and-statistics/2022/03/exports-and-imports-value-by-months-of-2022/,https://www.nso.gov.vn/wp-content/uploads/2022/03/E02-2022-11.xls,2022,2,import,"Fibres, not spun",fibres_not_spun,201086274.0,201086.274,1000 USD
https://www.nso.gov.vn/en/data-and-statistics/2022/03/exports-and-imports-value-by-months-of-2022/,https://www.nso.gov.vn/wp-content/uploads/2022/03/E02-2022-11.xls,2022,2,import,"Auxiliary materials for textile, garment, leather, footwear",textile_garment_leather_footwear_materials_auxiliaries,443518998.99999994,443518.99899999995,1000 USD
https://www.nso.gov.vn/en/data-and-statistics/2022/03/exports-and-imports-value-by-months-of-2022/,https://www.nso.gov.vn/wp-content/uploads/2022/03/E01-2022-11.xls,2022,3,export,"Fibres, not spun",fibres_not_spun,529776047.0,529776.047,1000 USD
https://www.nso.gov.vn/en/data-and-statistics/2022/03/exports-and-imports-value-by-months-of-2022/,https://www.nso.gov.vn/wp-content/uploads/2022/03/E01-2022-11.xls,2022,3,export,Pieces of cloth and other technical cloths,technical_cloths,70758383.99999999,70758.38399999999,1000 USD
https://www.nso.gov.vn/en/data-and-statistics/2022/03/exports-and-imports-value-by-months-of-2022/,https://www.nso.gov.vn/wp-content/uploads/2022/03/E01-2022-11.xls,2022,3,export,"Auxiliary materials for textile, garment, leather, footwear",textile_garment_leather_footwear_materials_auxiliaries,219733097.0,219733.097,1000 USD
https://www.nso.gov.vn/en/data-and-statistics/2022/03/exports-and-imports-value-by-months-of-2022/,https://www.nso.gov.vn/wp-content/uploads/2022/03/E01-2022-11.xls,2022,3,export,"Textile, sewing products",textiles_and_garments_or_sewing_products,3041730051.999999,3041730.051999999,1000 USD
https://www.nso.gov.vn/en/data-and-statistics/2022/03/exports-and-imports-value-by-months-of-2022/,https://www.nso.gov.vn/wp-content/uploads/2022/03/E02-2022-11.xls,2022,3,import,Cotton,cotton,329915763.9999999,329915.7639999999,1000 USD
https://www.nso.gov.vn/en/data-and-statistics/2022/03/exports-and-imports-value-by-months-of-2022/,https://www.nso.gov.vn/wp-content/uploads/2022/03/E02-2022-11.xls,2022,3,import,Textile fibrics,fabrics,1260521004.9999998,1260521.0049999997,1000 USD
https://www.nso.gov.vn/en/data-and-statistics/2022/03/exports-and-imports-value-by-months-of-2022/,https://www.nso.gov.vn/wp-content/uploads/2022/03/E02-2022-11.xls,2022,3,import,"Fibres, not spun",fibres_not_spun,246376411.00000006,246376.41100000005,1000 USD
https://www.nso.gov.vn/en/data-and-statistics/2022/03/exports-and-imports-value-by-months-of-2022/,https://www.nso.gov.vn/wp-content/uploads/2022/03/E02-2022-11.xls,2022,3,import,"Auxiliary materials for textile, garment, leather, footwear",textile_garment_leather_footwear_materials_auxiliaries,576943272.0000002,576943.2720000002,1000 USD
https://www.nso.gov.vn/en/data-and-statistics/2022/03/exports-and-imports-value-by-months-of-2022/,https://www.nso.gov.vn/wp-content/uploads/2022/03/E01-2022-11.xls,2022,4,export,"Fibres, not spun",fibres_not_spun,487008587.99999994,487008.58799999993,1000 USD
https://www.nso.gov.vn/en/data-and-statistics/2022/03/exports-and-imports-value-by-months-of-2022/,https://www.nso.gov.vn/wp-content/uploads/2022/03/E01-2022-11.xls,2022,4,export,Pieces of cloth and other technical cloths,technical_cloths,77040162.00000001,77040.16200000001,1000 USD
https://www.nso.gov.vn/en/data-and-statistics/2022/03/exports-and-imports-value-by-months-of-2022/,https://www.nso.gov.vn/wp-content/uploads/2022/03/E01-2022-11.xls,2022,4,export,"Auxiliary materials for textile, garment, leather, footwear",textile_garment_leather_footwear_materials_auxiliaries,212208102.99999994,212208.10299999994,1000 USD
https://www.nso.gov.vn/en/data-and-statistics/2022/03/exports-and-imports-value-by-months-of-2022/,https://www.nso.gov.vn/wp-content/uploads/2022/03/E01-2022-11.xls,2022,4,export,"Textile, sewing products",textiles_and_garments_or_sewing_products,3153379948.000001,3153379.948000001,1000 USD
https://www.nso.gov.vn/en/data-and-statistics/2022/03/exports-and-imports-value-by-months-of-2022/,https://www.nso.gov.vn/wp-content/uploads/2022/03/E02-2022-11.xls,2022,4,import,Cotton,cotton,270052948.99999994,270052.94899999996,1000 USD
https://www.nso.gov.vn/en/data-and-statistics/2022/03/exports-and-imports-value-by-months-of-2022/,https://www.nso.gov.vn/wp-content/uploads/2022/03/E02-2022-11.xls,2022,4,import,Textile fibrics,fabrics,1449555594.9999995,1449555.5949999995,1000 USD
https://www.nso.gov.vn/en/data-and-statistics/2022/03/exports-and-imports-value-by-months-of-2022/,https://www.nso.gov.vn/wp-content/uploads/2022/03/E02-2022-11.xls,2022,4,import,"Fibres, not spun",fibres_not_spun,223485639.99999997,223485.63999999998,1000 USD
https://www.nso.gov.vn/en/data-and-statistics/2022/03/exports-and-imports-value-by-months-of-2022/,https://www.nso.gov.vn/wp-content/uploads/2022/03/E02-2022-11.xls,2022,4,import,"Auxiliary materials for textile, garment, leather, footwear",textile_garment_leather_footwear_materials_auxiliaries,684313021.9999998,684313.0219999998,1000 USD
https://www.nso.gov.vn/en/data-and-statistics/2022/03/exports-and-imports-value-by-months-of-2022/,https://www.nso.gov.vn/wp-content/uploads/2022/03/E01-2022-11.xls,2022,5,export,"Fibres, not spun",fibres_not_spun,438416560.0,438416.56,1000 USD
https://www.nso.gov.vn/en/data-and-statistics/2022/03/exports-and-imports-value-by-months-of-2022/,https://www.nso.gov.vn/wp-content/uploads/2022/03/E01-2022-11.xls,2022,5,export,Pieces of cloth and other technical cloths,technical_cloths,82921746.99999997,82921.74699999997,1000 USD
https://www.nso.gov.vn/en/data-and-statistics/2022/03/exports-and-imports-value-by-months-of-2022/,https://www.nso.gov.vn/wp-content/uploads/2022/03/E01-2022-11.xls,2022,5,export,"Auxiliary materials for textile, garment, leather, footwear",textile_garment_leather_footwear_materials_auxiliaries,205327915.0000001,205327.9150000001,1000 USD
https://www.nso.gov.vn/en/data-and-statistics/2022/03/exports-and-imports-value-by-months-of-2022/,https://www.nso.gov.vn/wp-content/uploads/2022/03/E01-2022-11.xls,2022,5,export,"Textile, sewing products",textiles_and_garments_or_sewing_products,3168068204.0,3168068.204,1000 USD
https://www.nso.gov.vn/en/data-and-statistics/2022/03/exports-and-imports-value-by-months-of-2022/,https://www.nso.gov.vn/wp-content/uploads/2022/03/E02-2022-11.xls,2022,5,import,Cotton,cotton,339290381.99999994,339290.3819999999,1000 USD
https://www.nso.gov.vn/en/data-and-statistics/2022/03/exports-and-imports-value-by-months-of-2022/,https://www.nso.gov.vn/wp-content/uploads/2022/03/E02-2022-11.xls,2022,5,import,Textile fibrics,fabrics,1598110997.0000002,1598110.9970000002,1000 USD
https://www.nso.gov.vn/en/data-and-statistics/2022/03/exports-and-imports-value-by-months-of-2022/,https://www.nso.gov.vn/wp-content/uploads/2022/03/E02-2022-11.xls,2022,5,import,"Fibres, not spun",fibres_not_spun,258430136.99999985,258430.13699999984,1000 USD
https://www.nso.gov.vn/en/data-and-statistics/2022/03/exports-and-imports-value-by-months-of-2022/,https://www.nso.gov.vn/wp-content/uploads/2022/03/E02-2022-11.xls,2022,5,import,"Auxiliary materials for textile, garment, leather, footwear",textile_garment_leather_footwear_materials_auxiliaries,673079902.0000001,673079.9020000001,1000 USD
https://www.nso.gov.vn/en/data-and-statistics/2022/03/exports-and-imports-value-by-months-of-2022/,https://www.nso.gov.vn/wp-content/uploads/2022/03/E01-2022-11.xls,2022,6,export,"Fibres, not spun",fibres_not_spun,402408311.9999999,402408.31199999986,1000 USD
https://www.nso.gov.vn/en/data-and-statistics/2022/03/exports-and-imports-value-by-months-of-2022/,https://www.nso.gov.vn/wp-content/uploads/2022/03/E01-2022-11.xls,2022,6,export,Pieces of cloth and other technical cloths,technical_cloths,76869528.00000004,76869.52800000005,1000 USD
https://www.nso.gov.vn/en/data-and-statistics/2022/03/exports-and-imports-value-by-months-of-2022/,https://www.nso.gov.vn/wp-content/uploads/2022/03/E01-2022-11.xls,2022,6,export,"Auxiliary materials for textile, garment, leather, footwear",textile_garment_leather_footwear_materials_auxiliaries,199537180.9999999,199537.18099999992,1000 USD
https://www.nso.gov.vn/en/data-and-statistics/2022/03/exports-and-imports-value-by-months-of-2022/,https://www.nso.gov.vn/wp-content/uploads/2022/03/E01-2022-11.xls,2022,6,export,"Textile, sewing products",textiles_and_garments_or_sewing_products,3530808063.9999995,3530808.0639999993,1000 USD
https://www.nso.gov.vn/en/data-and-statistics/2022/03/exports-and-imports-value-by-months-of-2022/,https://www.nso.gov.vn/wp-content/uploads/2022/03/E02-2022-11.xls,2022,6,import,Cotton,cotton,272534813.99999994,272534.81399999995,1000 USD
https://www.nso.gov.vn/en/data-and-statistics/2022/03/exports-and-imports-value-by-months-of-2022/,https://www.nso.gov.vn/wp-content/uploads/2022/03/E02-2022-11.xls,2022,6,import,Textile fibrics,fabrics,1304745503.9999995,1304745.5039999995,1000 USD
https://www.nso.gov.vn/en/data-and-statistics/2022/03/exports-and-imports-value-by-months-of-2022/,https://www.nso.gov.vn/wp-content/uploads/2022/03/E02-2022-11.xls,2022,6,import,"Fibres, not spun",fibres_not_spun,246386399.00000018,246386.39900000018,1000 USD
https://www.nso.gov.vn/en/data-and-statistics/2022/03/exports-and-imports-value-by-months-of-2022/,https://www.nso.gov.vn/wp-content/uploads/2022/03/E02-2022-11.xls,2022,6,import,"Auxiliary materials for textile, garment, leather, footwear",textile_garment_leather_footwear_materials_auxiliaries,580191103.9999996,580191.1039999997,1000 USD
https://www.nso.gov.vn/en/data-and-statistics/2022/03/exports-and-imports-value-by-months-of-2022/,https://www.nso.gov.vn/wp-content/uploads/2022/03/E01-2022-11.xls,2022,7,export,"Fibres, not spun",fibres_not_spun,322283137.99999976,322283.13799999974,1000 USD
https://www.nso.gov.vn/en/data-and-statistics/2022/03/exports-and-imports-value-by-months-of-2022/,https://www.nso.gov.vn/wp-content/uploads/2022/03/E01-2022-11.xls,2022,7,export,Pieces of cloth and other technical cloths,technical_cloths,76930806.99999997,76930.80699999997,1000 USD
https://www.nso.gov.vn/en/data-and-statistics/2022/03/exports-and-imports-value-by-months-of-2022/,https://www.nso.gov.vn/wp-content/uploads/2022/03/E01-2022-11.xls,2022,7,export,"Auxiliary materials for textile, garment, leather, footwear",textile_garment_leather_footwear_materials_auxiliaries,191441167.00000018,191441.1670000002,1000 USD
https://www.nso.gov.vn/en/data-and-statistics/2022/03/exports-and-imports-value-by-months-of-2022/,https://www.nso.gov.vn/wp-content/uploads/2022/03/E01-2022-11.xls,2022,7,export,"Textile, sewing products",textiles_and_garments_or_sewing_products,3709007293.0000014,3709007.2930000015,1000 USD
https://www.nso.gov.vn/en/data-and-statistics/2022/03/exports-and-imports-value-by-months-of-2022/,https://www.nso.gov.vn/wp-content/uploads/2022/03/E02-2022-11.xls,2022,7,import,Cotton,cotton,310597427.99999976,310597.4279999998,1000 USD
https://www.nso.gov.vn/en/data-and-statistics/2022/03/exports-and-imports-value-by-months-of-2022/,https://www.nso.gov.vn/wp-content/uploads/2022/03/E02-2022-11.xls,2022,7,import,Textile fibrics,fabrics,1157940831.000001,1157940.831000001,1000 USD
https://www.nso.gov.vn/en/data-and-statistics/2022/03/exports-and-imports-value-by-months-of-2022/,https://www.nso.gov.vn/wp-content/uploads/2022/03/E02-2022-11.xls,2022,7,import,"Fibres, not spun",fibres_not_spun,237540852.99999985,237540.85299999986,1000 USD
https://www.nso.gov.vn/en/data-and-statistics/2022/03/exports-and-imports-value-by-months-of-2022/,https://www.nso.gov.vn/wp-content/uploads/2022/03/E02-2022-11.xls,2022,7,import,"Auxiliary materials for textile, garment, leather, footwear",textile_garment_leather_footwear_materials_auxiliaries,545539152.9999998,545539.1529999998,1000 USD
https://www.nso.gov.vn/en/data-and-statistics/2022/03/exports-and-imports-value-by-months-of-2022/,https://www.nso.gov.vn/wp-content/uploads/2022/03/E01-2022-11.xls,2022,8,export,"Fibres, not spun",fibres_not_spun,354206945.00000024,354206.94500000024,1000 USD
https://www.nso.gov.vn/en/data-and-statistics/2022/03/exports-and-imports-value-by-months-of-2022/,https://www.nso.gov.vn/wp-content/uploads/2022/03/E01-2022-11.xls,2022,8,export,Pieces of cloth and other technical cloths,technical_cloths,75053043.00000012,75053.04300000012,1000 USD
https://www.nso.gov.vn/en/data-and-statistics/2022/03/exports-and-imports-value-by-months-of-2022/,https://www.nso.gov.vn/wp-content/uploads/2022/03/E01-2022-11.xls,2022,8,export,"Auxiliary materials for textile, garment, leather, footwear",textile_garment_leather_footwear_materials_auxiliaries,197851770.0000001,197851.77000000008,1000 USD
https://www.nso.gov.vn/en/data-and-statistics/2022/03/exports-and-imports-value-by-months-of-2022/,https://www.nso.gov.vn/wp-content/uploads/2022/03/E01-2022-11.xls,2022,8,export,"Textile, sewing products",textiles_and_garments_or_sewing_products,4045062989.0,4045062.989,1000 USD
https://www.nso.gov.vn/en/data-and-statistics/2022/03/exports-and-imports-value-by-months-of-2022/,https://www.nso.gov.vn/wp-content/uploads/2022/03/E02-2022-11.xls,2022,8,import,Cotton,cotton,406948454.0000003,406948.4540000003,1000 USD
https://www.nso.gov.vn/en/data-and-statistics/2022/03/exports-and-imports-value-by-months-of-2022/,https://www.nso.gov.vn/wp-content/uploads/2022/03/E02-2022-11.xls,2022,8,import,Textile fibrics,fabrics,1204310366.9999993,1204310.3669999994,1000 USD
https://www.nso.gov.vn/en/data-and-statistics/2022/03/exports-and-imports-value-by-months-of-2022/,https://www.nso.gov.vn/wp-content/uploads/2022/03/E02-2022-11.xls,2022,8,import,"Fibres, not spun",fibres_not_spun,213735031.00000006,213735.03100000005,1000 USD
https://www.nso.gov.vn/en/data-and-statistics/2022/03/exports-and-imports-value-by-months-of-2022/,https://www.nso.gov.vn/wp-content/uploads/2022/03/E02-2022-11.xls,2022,8,import,"Auxiliary materials for textile, garment, leather, footwear",textile_garment_leather_footwear_materials_auxiliaries,573418151.0,573418.151,1000 USD
https://www.nso.gov.vn/en/data-and-statistics/2022/03/exports-and-imports-value-by-months-of-2022/,https://www.nso.gov.vn/wp-content/uploads/2022/03/E01-2022-11.xls,2022,9,export,"Fibres, not spun",fibres_not_spun,322554807.99999964,322554.80799999967,1000 USD
https://www.nso.gov.vn/en/data-and-statistics/2022/03/exports-and-imports-value-by-months-of-2022/,https://www.nso.gov.vn/wp-content/uploads/2022/03/E01-2022-11.xls,2022,9,export,Pieces of cloth and other technical cloths,technical_cloths,70956103.99999988,70956.10399999988,1000 USD
https://www.nso.gov.vn/en/data-and-statistics/2022/03/exports-and-imports-value-by-months-of-2022/,https://www.nso.gov.vn/wp-content/uploads/2022/03/E01-2022-11.xls,2022,9,export,"Auxiliary materials for textile, garment, leather, footwear",textile_garment_leather_footwear_materials_auxiliaries,175119503.00000015,175119.50300000014,1000 USD
https://www.nso.gov.vn/en/data-and-statistics/2022/03/exports-and-imports-value-by-months-of-2022/,https://www.nso.gov.vn/wp-content/uploads/2022/03/E01-2022-11.xls,2022,9,export,"Textile, sewing products",textiles_and_garments_or_sewing_products,2729365913.999997,2729365.913999997,1000 USD
https://www.nso.gov.vn/en/data-and-statistics/2022/03/exports-and-imports-value-by-months-of-2022/,https://www.nso.gov.vn/wp-content/uploads/2022/03/E02-2022-11.xls,2022,9,import,Cotton,cotton,427380732.99999994,427380.73299999995,1000 USD
https://www.nso.gov.vn/en/data-and-statistics/2022/03/exports-and-imports-value-by-months-of-2022/,https://www.nso.gov.vn/wp-content/uploads/2022/03/E02-2022-11.xls,2022,9,import,Textile fibrics,fabrics,1129857248.0000005,1129857.2480000004,1000 USD
https://www.nso.gov.vn/en/data-and-statistics/2022/03/exports-and-imports-value-by-months-of-2022/,https://www.nso.gov.vn/wp-content/uploads/2022/03/E02-2022-11.xls,2022,9,import,"Fibres, not spun",fibres_not_spun,180629259.00000006,180629.25900000005,1000 USD
https://www.nso.gov.vn/en/data-and-statistics/2022/03/exports-and-imports-value-by-months-of-2022/,https://www.nso.gov.vn/wp-content/uploads/2022/03/E02-2022-11.xls,2022,9,import,"Auxiliary materials for textile, garment, leather, footwear",textile_garment_leather_footwear_materials_auxiliaries,595652294.0000001,595652.2940000001,1000 USD
https://www.nso.gov.vn/en/data-and-statistics/2022/03/exports-and-imports-value-by-months-of-2022/,https://www.nso.gov.vn/wp-content/uploads/2022/03/E01-2022-11.xls,2022,10,export,"Fibres, not spun",fibres_not_spun,308864840.00000024,308864.84000000026,1000 USD
https://www.nso.gov.vn/en/data-and-statistics/2022/03/exports-and-imports-value-by-months-of-2022/,https://www.nso.gov.vn/wp-content/uploads/2022/03/E01-2022-11.xls,2022,10,export,Pieces of cloth and other technical cloths,technical_cloths,60517229.000000164,60517.22900000017,1000 USD
https://www.nso.gov.vn/en/data-and-statistics/2022/03/exports-and-imports-value-by-months-of-2022/,https://www.nso.gov.vn/wp-content/uploads/2022/03/E01-2022-11.xls,2022,10,export,"Auxiliary materials for textile, garment, leather, footwear",textile_garment_leather_footwear_materials_auxiliaries,161520064.99999982,161520.06499999983,1000 USD
https://www.nso.gov.vn/en/data-and-statistics/2022/03/exports-and-imports-value-by-months-of-2022/,https://www.nso.gov.vn/wp-content/uploads/2022/03/E01-2022-11.xls,2022,10,export,"Textile, sewing products",textiles_and_garments_or_sewing_products,2715943605.0000005,2715943.6050000004,1000 USD
https://www.nso.gov.vn/en/data-and-statistics/2022/03/exports-and-imports-value-by-months-of-2022/,https://www.nso.gov.vn/wp-content/uploads/2022/03/E02-2022-11.xls,2022,10,import,Cotton,cotton,413192819.99999976,413192.8199999998,1000 USD
https://www.nso.gov.vn/en/data-and-statistics/2022/03/exports-and-imports-value-by-months-of-2022/,https://www.nso.gov.vn/wp-content/uploads/2022/03/E02-2022-11.xls,2022,10,import,Textile fibrics,fabrics,1062653040.0000017,1062653.0400000017,1000 USD
https://www.nso.gov.vn/en/data-and-statistics/2022/03/exports-and-imports-value-by-months-of-2022/,https://www.nso.gov.vn/wp-content/uploads/2022/03/E02-2022-11.xls,2022,10,import,"Fibres, not spun",fibres_not_spun,165763773.00000003,165763.77300000002,1000 USD
https://www.nso.gov.vn/en/data-and-statistics/2022/03/exports-and-imports-value-by-months-of-2022/,https://www.nso.gov.vn/wp-content/uploads/2022/03/E02-2022-11.xls,2022,10,import,"Auxiliary materials for textile, garment, leather, footwear",textile_garment_leather_footwear_materials_auxiliaries,488744720.00000006,488744.7200000001,1000 USD
https://www.nso.gov.vn/en/data-and-statistics/2022/03/exports-and-imports-value-by-months-of-2022/,https://www.nso.gov.vn/wp-content/uploads/2022/03/E01-2022-11.xls,2022,11,export,"Fibres, not spun",fibres_not_spun,304643390.99999976,304643.39099999977,1000 USD
https://www.nso.gov.vn/en/data-and-statistics/2022/03/exports-and-imports-value-by-months-of-2022/,https://www.nso.gov.vn/wp-content/uploads/2022/03/E01-2022-11.xls,2022,11,export,Pieces of cloth and other technical cloths,technical_cloths,64928986.99999985,64928.98699999985,1000 USD
https://www.nso.gov.vn/en/data-and-statistics/2022/03/exports-and-imports-value-by-months-of-2022/,https://www.nso.gov.vn/wp-content/uploads/2022/03/E01-2022-11.xls,2022,11,export,"Auxiliary materials for textile, garment, leather, footwear",textile_garment_leather_footwear_materials_auxiliaries,162710698.0000002,162710.6980000002,1000 USD
https://www.nso.gov.vn/en/data-and-statistics/2022/03/exports-and-imports-value-by-months-of-2022/,https://www.nso.gov.vn/wp-content/uploads/2022/03/E01-2022-11.xls,2022,11,export,"Textile, sewing products",textiles_and_garments_or_sewing_products,2915583824.999999,2915583.8249999993,1000 USD
https://www.nso.gov.vn/en/data-and-statistics/2022/03/exports-and-imports-value-by-months-of-2022/,https://www.nso.gov.vn/wp-content/uploads/2022/03/E02-2022-11.xls,2022,11,import,Cotton,cotton,379882631.0,379882.631,1000 USD
https://www.nso.gov.vn/en/data-and-statistics/2022/03/exports-and-imports-value-by-months-of-2022/,https://www.nso.gov.vn/wp-content/uploads/2022/03/E02-2022-11.xls,2022,11,import,Textile fibrics,fabrics,1160812106.0000012,1160812.1060000013,1000 USD
https://www.nso.gov.vn/en/data-and-statistics/2022/03/exports-and-imports-value-by-months-of-2022/,https://www.nso.gov.vn/wp-content/uploads/2022/03/E02-2022-11.xls,2022,11,import,"Fibres, not spun",fibres_not_spun,174729717.99999985,174729.71799999985,1000 USD
https://www.nso.gov.vn/en/data-and-statistics/2022/03/exports-and-imports-value-by-months-of-2022/,https://www.nso.gov.vn/wp-content/uploads/2022/03/E02-2022-11.xls,2022,11,import,"Auxiliary materials for textile, garment, leather, footwear",textile_garment_leather_footwear_materials_auxiliaries,493393172.0000006,493393.1720000006,1000 USD
https://www.nso.gov.vn/en/data-and-statistics/2022/03/exports-and-imports-value-by-months-of-2022/,https://www.nso.gov.vn/wp-content/uploads/2022/03/E01-2022-11.xls,2022,12,export,"Fibres, not spun",fibres_not_spun,325898384.9999997,325898.3849999997,1000 USD
https://www.nso.gov.vn/en/data-and-statistics/2022/03/exports-and-imports-value-by-months-of-2022/,https://www.nso.gov.vn/wp-content/uploads/2022/03/E01-2022-11.xls,2022,12,export,"Fibres, not spun",fibres_not_spun,4713998612.0,4713998.612,1000 USD
https://www.nso.gov.vn/en/data-and-statistics/2022/03/exports-and-imports-value-by-months-of-2022/,https://www.nso.gov.vn/wp-content/uploads/2022/03/E01-2022-11.xls,2022,12,export,Pieces of cloth and other technical cloths,technical_cloths,62409000.00000012,62409.00000000012,1000 USD
https://www.nso.gov.vn/en/data-and-statistics/2022/03/exports-and-imports-value-by-months-of-2022/,https://www.nso.gov.vn/wp-content/uploads/2022/03/E01-2022-11.xls,2022,12,export,Pieces of cloth and other technical cloths,technical_cloths,864457581.0,864457.581,1000 USD
https://www.nso.gov.vn/en/data-and-statistics/2022/03/exports-and-imports-value-by-months-of-2022/,https://www.nso.gov.vn/wp-content/uploads/2022/03/E01-2022-11.xls,2022,12,export,"Auxiliary materials for textile, garment, leather, footwear",textile_garment_leather_footwear_materials_auxiliaries,174061869.99999952,174061.86999999953,1000 USD
https://www.nso.gov.vn/en/data-and-statistics/2022/03/exports-and-imports-value-by-months-of-2022/,https://www.nso.gov.vn/wp-content/uploads/2022/03/E01-2022-11.xls,2022,12,export,"Auxiliary materials for textile, garment, leather, footwear",textile_garment_leather_footwear_materials_auxiliaries,2242025277.0,2242025.277,1000 USD
https://www.nso.gov.vn/en/data-and-statistics/2022/03/exports-and-imports-value-by-months-of-2022/,https://www.nso.gov.vn/wp-content/uploads/2022/03/E01-2022-11.xls,2022,12,export,"Textile, sewing products",textiles_and_garments_or_sewing_products,2921066765.999999,2921066.765999999,1000 USD
https://www.nso.gov.vn/en/data-and-statistics/2022/03/exports-and-imports-value-by-months-of-2022/,https://www.nso.gov.vn/wp-content/uploads/2022/03/E01-2022-11.xls,2022,12,export,"Textile, sewing products",textiles_and_garments_or_sewing_products,37566645537.0,37566645.537,1000 USD
https://www.nso.gov.vn/en/data-and-statistics/2022/03/exports-and-imports-value-by-months-of-2022/,https://www.nso.gov.vn/wp-content/uploads/2022/03/E02-2022-11.xls,2022,12,import,Cotton,cotton,260543992.00000003,260543.99200000003,1000 USD
https://www.nso.gov.vn/en/data-and-statistics/2022/03/exports-and-imports-value-by-months-of-2022/,https://www.nso.gov.vn/wp-content/uploads/2022/03/E02-2022-11.xls,2022,12,import,Cotton,cotton,4030097555.0,4030097.555,1000 USD
https://www.nso.gov.vn/en/data-and-statistics/2022/03/exports-and-imports-value-by-months-of-2022/,https://www.nso.gov.vn/wp-content/uploads/2022/03/E02-2022-11.xls,2022,12,import,Textile fibrics,fabrics,1040251417.0000001,1040251.4170000001,1000 USD
https://www.nso.gov.vn/en/data-and-statistics/2022/03/exports-and-imports-value-by-months-of-2022/,https://www.nso.gov.vn/wp-content/uploads/2022/03/E02-2022-11.xls,2022,12,import,Textile fibrics,fabrics,14706723445.0,14706723.445,1000 USD
https://www.nso.gov.vn/en/data-and-statistics/2022/03/exports-and-imports-value-by-months-of-2022/,https://www.nso.gov.vn/wp-content/uploads/2022/03/E02-2022-11.xls,2022,12,import,"Fibres, not spun",fibres_not_spun,165960168.00000003,165960.16800000003,1000 USD
https://www.nso.gov.vn/en/data-and-statistics/2022/03/exports-and-imports-value-by-months-of-2022/,https://www.nso.gov.vn/wp-content/uploads/2022/03/E02-2022-11.xls,2022,12,import,"Fibres, not spun",fibres_not_spun,2546440449.0,2546440.449,1000 USD
https://www.nso.gov.vn/en/data-and-statistics/2022/03/exports-and-imports-value-by-months-of-2022/,https://www.nso.gov.vn/wp-content/uploads/2022/03/E02-2022-11.xls,2022,12,import,"Auxiliary materials for textile, garment, leather, footwear",textile_garment_leather_footwear_materials_auxiliaries,453162973.0000005,453162.97300000046,1000 USD
https://www.nso.gov.vn/en/data-and-statistics/2022/03/exports-and-imports-value-by-months-of-2022/,https://www.nso.gov.vn/wp-content/uploads/2022/03/E02-2022-11.xls,2022,12,import,"Auxiliary materials for textile, garment, leather, footwear",textile_garment_leather_footwear_materials_auxiliaries,6671867307.0,6671867.307,1000 USD
https://www.nso.gov.vn/en/data-and-statistics/2023/03/exports-and-imports-value-by-months-of-2023/,https://www.nso.gov.vn/wp-content/uploads/2023/03/E01-2023-8.xls,2023,1,export,"Fibres, not spun",fibres_not_spun,225524928.0,225524.928,1000 USD
https://www.nso.gov.vn/en/data-and-statistics/2023/03/exports-and-imports-value-by-months-of-2023/,https://www.nso.gov.vn/wp-content/uploads/2023/03/E01-2023-8.xls,2023,1,export,Pieces of cloth and other technical cloths,technical_cloths,57759389.0,57759.389,1000 USD
https://www.nso.gov.vn/en/data-and-statistics/2023/03/exports-and-imports-value-by-months-of-2023/,https://www.nso.gov.vn/wp-content/uploads/2023/03/E01-2023-8.xls,2023,1,export,"Auxiliary materials for textile, garment, leather, footwear",textile_garment_leather_footwear_materials_auxiliaries,121150424.0,121150.424,1000 USD
https://www.nso.gov.vn/en/data-and-statistics/2023/03/exports-and-imports-value-by-months-of-2023/,https://www.nso.gov.vn/wp-content/uploads/2023/03/E01-2023-8.xls,2023,1,export,"Textile, sewing products",textiles_and_garments_or_sewing_products,2250526485.0,2250526.485,1000 USD
https://www.nso.gov.vn/en/data-and-statistics/2023/03/exports-and-imports-value-by-months-of-2023/,https://www.nso.gov.vn/wp-content/uploads/2023/03/E02-2023-8.xls,2023,1,import,Cotton,cotton,175146393.0,175146.393,1000 USD
https://www.nso.gov.vn/en/data-and-statistics/2023/03/exports-and-imports-value-by-months-of-2023/,https://www.nso.gov.vn/wp-content/uploads/2023/03/E02-2023-8.xls,2023,1,import,Textile fibrics,fabrics,936043314.0,936043.314,1000 USD
https://www.nso.gov.vn/en/data-and-statistics/2023/03/exports-and-imports-value-by-months-of-2023/,https://www.nso.gov.vn/wp-content/uploads/2023/03/E02-2023-8.xls,2023,1,import,"Fibres, not spun",fibres_not_spun,135990655.0,135990.655,1000 USD
https://www.nso.gov.vn/en/data-and-statistics/2023/03/exports-and-imports-value-by-months-of-2023/,https://www.nso.gov.vn/wp-content/uploads/2023/03/E02-2023-8.xls,2023,1,import,"Auxiliary materials for textile, garment, leather, footwear",textile_garment_leather_footwear_materials_auxiliaries,377390876.0,377390.876,1000 USD
https://www.nso.gov.vn/en/data-and-statistics/2023/03/exports-and-imports-value-by-months-of-2023/,https://www.nso.gov.vn/wp-content/uploads/2023/03/E01-2023-8.xls,2023,2,export,"Fibres, not spun",fibres_not_spun,339027136.0,339027.136,1000 USD
https://www.nso.gov.vn/en/data-and-statistics/2023/03/exports-and-imports-value-by-months-of-2023/,https://www.nso.gov.vn/wp-content/uploads/2023/03/E01-2023-8.xls,2023,2,export,Pieces of cloth and other technical cloths,technical_cloths,57178740.0,57178.74,1000 USD
https://www.nso.gov.vn/en/data-and-statistics/2023/03/exports-and-imports-value-by-months-of-2023/,https://www.nso.gov.vn/wp-content/uploads/2023/03/E01-2023-8.xls,2023,2,export,"Auxiliary materials for textile, garment, leather, footwear",textile_garment_leather_footwear_materials_auxiliaries,163921648.99999997,163921.64899999998,1000 USD
https://www.nso.gov.vn/en/data-and-statistics/2023/03/exports-and-imports-value-by-months-of-2023/,https://www.nso.gov.vn/wp-content/uploads/2023/03/E01-2023-8.xls,2023,2,export,"Textile, sewing products",textiles_and_garments_or_sewing_products,2298070252.0,2298070.252,1000 USD
https://www.nso.gov.vn/en/data-and-statistics/2023/03/exports-and-imports-value-by-months-of-2023/,https://www.nso.gov.vn/wp-content/uploads/2023/03/E02-2023-8.xls,2023,2,import,Cotton,cotton,182391089.0,182391.089,1000 USD
https://www.nso.gov.vn/en/data-and-statistics/2023/03/exports-and-imports-value-by-months-of-2023/,https://www.nso.gov.vn/wp-content/uploads/2023/03/E02-2023-8.xls,2023,2,import,Textile fibrics,fabrics,776136935.0,776136.935,1000 USD
https://www.nso.gov.vn/en/data-and-statistics/2023/03/exports-and-imports-value-by-months-of-2023/,https://www.nso.gov.vn/wp-content/uploads/2023/03/E02-2023-8.xls,2023,2,import,"Fibres, not spun",fibres_not_spun,159193050.00000003,159193.05000000002,1000 USD
https://www.nso.gov.vn/en/data-and-statistics/2023/03/exports-and-imports-value-by-months-of-2023/,https://www.nso.gov.vn/wp-content/uploads/2023/03/E02-2023-8.xls,2023,2,import,"Auxiliary materials for textile, garment, leather, footwear",textile_garment_leather_footwear_materials_auxiliaries,421493060.0,421493.06,1000 USD
https://www.nso.gov.vn/en/data-and-statistics/2023/03/exports-and-imports-value-by-months-of-2023/,https://www.nso.gov.vn/wp-content/uploads/2023/03/E01-2023-8.xls,2023,3,export,"Fibres, not spun",fibres_not_spun,376293613.9999999,376293.6139999999,1000 USD
https://www.nso.gov.vn/en/data-and-statistics/2023/03/exports-and-imports-value-by-months-of-2023/,https://www.nso.gov.vn/wp-content/uploads/2023/03/E01-2023-8.xls,2023,3,export,Pieces of cloth and other technical cloths,technical_cloths,63075648.00000001,63075.64800000001,1000 USD
https://www.nso.gov.vn/en/data-and-statistics/2023/03/exports-and-imports-value-by-months-of-2023/,https://www.nso.gov.vn/wp-content/uploads/2023/03/E01-2023-8.xls,2023,3,export,"Auxiliary materials for textile, garment, leather, footwear",textile_garment_leather_footwear_materials_auxiliaries,197663448.00000003,197663.44800000003,1000 USD
https://www.nso.gov.vn/en/data-and-statistics/2023/03/exports-and-imports-value-by-months-of-2023/,https://www.nso.gov.vn/wp-content/uploads/2023/03/E01-2023-8.xls,2023,3,export,"Textile, sewing products",textiles_and_garments_or_sewing_products,2622850670.9999995,2622850.6709999996,1000 USD
https://www.nso.gov.vn/en/data-and-statistics/2023/03/exports-and-imports-value-by-months-of-2023/,https://www.nso.gov.vn/wp-content/uploads/2023/03/E02-2023-8.xls,2023,3,import,Cotton,cotton,218120014.0,218120.014,1000 USD
https://www.nso.gov.vn/en/data-and-statistics/2023/03/exports-and-imports-value-by-months-of-2023/,https://www.nso.gov.vn/wp-content/uploads/2023/03/E02-2023-8.xls,2023,3,import,Textile fibrics,fabrics,1272604516.0,1272604.516,1000 USD
https://www.nso.gov.vn/en/data-and-statistics/2023/03/exports-and-imports-value-by-months-of-2023/,https://www.nso.gov.vn/wp-content/uploads/2023/03/E02-2023-8.xls,2023,3,import,"Fibres, not spun",fibres_not_spun,209781992.0,209781.992,1000 USD
https://www.nso.gov.vn/en/data-and-statistics/2023/03/exports-and-imports-value-by-months-of-2023/,https://www.nso.gov.vn/wp-content/uploads/2023/03/E02-2023-8.xls,2023,3,import,"Auxiliary materials for textile, garment, leather, footwear",textile_garment_leather_footwear_materials_auxiliaries,586668267.0,586668.267,1000 USD
https://www.nso.gov.vn/en/data-and-statistics/2023/03/exports-and-imports-value-by-months-of-2023/,https://www.nso.gov.vn/wp-content/uploads/2023/03/E01-2023-8.xls,2023,4,export,"Fibres, not spun",fibres_not_spun,356905454.0000002,356905.4540000002,1000 USD
https://www.nso.gov.vn/en/data-and-statistics/2023/03/exports-and-imports-value-by-months-of-2023/,https://www.nso.gov.vn/wp-content/uploads/2023/03/E01-2023-8.xls,2023,4,export,Pieces of cloth and other technical cloths,technical_cloths,55984662.00000001,55984.662000000004,1000 USD
https://www.nso.gov.vn/en/data-and-statistics/2023/03/exports-and-imports-value-by-months-of-2023/,https://www.nso.gov.vn/wp-content/uploads/2023/03/E01-2023-8.xls,2023,4,export,"Auxiliary materials for textile, garment, leather, footwear",textile_garment_leather_footwear_materials_auxiliaries,160856281.00000003,160856.28100000002,1000 USD
https://www.nso.gov.vn/en/data-and-statistics/2023/03/exports-and-imports-value-by-months-of-2023/,https://www.nso.gov.vn/wp-content/uploads/2023/03/E01-2023-8.xls,2023,4,export,"Textile, sewing products",textiles_and_garments_or_sewing_products,2548661867.0,2548661.867,1000 USD
https://www.nso.gov.vn/en/data-and-statistics/2023/03/exports-and-imports-value-by-months-of-2023/,https://www.nso.gov.vn/wp-content/uploads/2023/03/E02-2023-8.xls,2023,4,import,Cotton,cotton,276303904.99999994,276303.9049999999,1000 USD
https://www.nso.gov.vn/en/data-and-statistics/2023/03/exports-and-imports-value-by-months-of-2023/,https://www.nso.gov.vn/wp-content/uploads/2023/03/E02-2023-8.xls,2023,4,import,Textile fibrics,fabrics,1149096695.0,1149096.695,1000 USD
https://www.nso.gov.vn/en/data-and-statistics/2023/03/exports-and-imports-value-by-months-of-2023/,https://www.nso.gov.vn/wp-content/uploads/2023/03/E02-2023-8.xls,2023,4,import,"Fibres, not spun",fibres_not_spun,174417127.0,174417.127,1000 USD
https://www.nso.gov.vn/en/data-and-statistics/2023/03/exports-and-imports-value-by-months-of-2023/,https://www.nso.gov.vn/wp-content/uploads/2023/03/E02-2023-8.xls,2023,4,import,"Auxiliary materials for textile, garment, leather, footwear",textile_garment_leather_footwear_materials_auxiliaries,484235669.9999999,484235.66999999987,1000 USD
https://www.nso.gov.vn/en/data-and-statistics/2023/03/exports-and-imports-value-by-months-of-2023/,https://www.nso.gov.vn/wp-content/uploads/2023/03/E01-2023-8.xls,2023,5,export,"Fibres, not spun",fibres_not_spun,390521393.0,390521.393,1000 USD
https://www.nso.gov.vn/en/data-and-statistics/2023/03/exports-and-imports-value-by-months-of-2023/,https://www.nso.gov.vn/wp-content/uploads/2023/03/E01-2023-8.xls,2023,5,export,Pieces of cloth and other technical cloths,technical_cloths,52215767.99999998,52215.767999999975,1000 USD
https://www.nso.gov.vn/en/data-and-statistics/2023/03/exports-and-imports-value-by-months-of-2023/,https://www.nso.gov.vn/wp-content/uploads/2023/03/E01-2023-8.xls,2023,5,export,"Auxiliary materials for textile, garment, leather, footwear",textile_garment_leather_footwear_materials_auxiliaries,161732441.99999997,161732.44199999998,1000 USD
https://www.nso.gov.vn/en/data-and-statistics/2023/03/exports-and-imports-value-by-months-of-2023/,https://www.nso.gov.vn/wp-content/uploads/2023/03/E01-2023-8.xls,2023,5,export,"Textile, sewing products",textiles_and_garments_or_sewing_products,2929642526.9999986,2929642.5269999984,1000 USD
https://www.nso.gov.vn/en/data-and-statistics/2023/03/exports-and-imports-value-by-months-of-2023/,https://www.nso.gov.vn/wp-content/uploads/2023/03/E02-2023-8.xls,2023,5,import,Cotton,cotton,311732984.00000006,311732.98400000005,1000 USD
https://www.nso.gov.vn/en/data-and-statistics/2023/03/exports-and-imports-value-by-months-of-2023/,https://www.nso.gov.vn/wp-content/uploads/2023/03/E02-2023-8.xls,2023,5,import,Textile fibrics,fabrics,1196696561.9999998,1196696.5619999997,1000 USD
https://www.nso.gov.vn/en/data-and-statistics/2023/03/exports-and-imports-value-by-months-of-2023/,https://www.nso.gov.vn/wp-content/uploads/2023/03/E02-2023-8.xls,2023,5,import,"Fibres, not spun",fibres_not_spun,196918069.99999997,196918.06999999998,1000 USD
https://www.nso.gov.vn/en/data-and-statistics/2023/03/exports-and-imports-value-by-months-of-2023/,https://www.nso.gov.vn/wp-content/uploads/2023/03/E02-2023-8.xls,2023,5,import,"Auxiliary materials for textile, garment, leather, footwear",textile_garment_leather_footwear_materials_auxiliaries,525110243.0,525110.243,1000 USD
https://www.nso.gov.vn/en/data-and-statistics/2023/03/exports-and-imports-value-by-months-of-2023/,https://www.nso.gov.vn/wp-content/uploads/2023/03/E01-2023-8.xls,2023,6,export,"Fibres, not spun",fibres_not_spun,375444765.0000002,375444.7650000002,1000 USD
https://www.nso.gov.vn/en/data-and-statistics/2023/03/exports-and-imports-value-by-months-of-2023/,https://www.nso.gov.vn/wp-content/uploads/2023/03/E01-2023-8.xls,2023,6,export,Pieces of cloth and other technical cloths,technical_cloths,51416311.99999997,51416.31199999997,1000 USD
https://www.nso.gov.vn/en/data-and-statistics/2023/03/exports-and-imports-value-by-months-of-2023/,https://www.nso.gov.vn/wp-content/uploads/2023/03/E01-2023-8.xls,2023,6,export,"Auxiliary materials for textile, garment, leather, footwear",textile_garment_leather_footwear_materials_auxiliaries,153242877.00000003,153242.87700000004,1000 USD
https://www.nso.gov.vn/en/data-and-statistics/2023/03/exports-and-imports-value-by-months-of-2023/,https://www.nso.gov.vn/wp-content/uploads/2023/03/E01-2023-8.xls,2023,6,export,"Textile, sewing products",textiles_and_garments_or_sewing_products,3079823822.0,3079823.822,1000 USD
https://www.nso.gov.vn/en/data-and-statistics/2023/03/exports-and-imports-value-by-months-of-2023/,https://www.nso.gov.vn/wp-content/uploads/2023/03/E02-2023-8.xls,2023,6,import,Cotton,cotton,242350654.00000024,242350.65400000024,1000 USD
https://www.nso.gov.vn/en/data-and-statistics/2023/03/exports-and-imports-value-by-months-of-2023/,https://www.nso.gov.vn/wp-content/uploads/2023/03/E02-2023-8.xls,2023,6,import,Textile fibrics,fabrics,1085380008.0000002,1085380.0080000001,1000 USD
https://www.nso.gov.vn/en/data-and-statistics/2023/03/exports-and-imports-value-by-months-of-2023/,https://www.nso.gov.vn/wp-content/uploads/2023/03/E02-2023-8.xls,2023,6,import,"Fibres, not spun",fibres_not_spun,188590284.00000012,188590.28400000013,1000 USD
https://www.nso.gov.vn/en/data-and-statistics/2023/03/exports-and-imports-value-by-months-of-2023/,https://www.nso.gov.vn/wp-content/uploads/2023/03/E02-2023-8.xls,2023,6,import,"Auxiliary materials for textile, garment, leather, footwear",textile_garment_leather_footwear_materials_auxiliaries,484939207.0000001,484939.2070000001,1000 USD
https://www.nso.gov.vn/en/data-and-statistics/2023/03/exports-and-imports-value-by-months-of-2023/,https://www.nso.gov.vn/wp-content/uploads/2023/03/E01-2023-8.xls,2023,7,export,"Fibres, not spun",fibres_not_spun,387719259.9999998,387719.25999999983,1000 USD
https://www.nso.gov.vn/en/data-and-statistics/2023/03/exports-and-imports-value-by-months-of-2023/,https://www.nso.gov.vn/wp-content/uploads/2023/03/E01-2023-8.xls,2023,7,export,Pieces of cloth and other technical cloths,technical_cloths,50688582.000000045,50688.582000000046,1000 USD
https://www.nso.gov.vn/en/data-and-statistics/2023/03/exports-and-imports-value-by-months-of-2023/,https://www.nso.gov.vn/wp-content/uploads/2023/03/E01-2023-8.xls,2023,7,export,"Auxiliary materials for textile, garment, leather, footwear",textile_garment_leather_footwear_materials_auxiliaries,167303398.0,167303.398,1000 USD
https://www.nso.gov.vn/en/data-and-statistics/2023/03/exports-and-imports-value-by-months-of-2023/,https://www.nso.gov.vn/wp-content/uploads/2023/03/E01-2023-8.xls,2023,7,export,"Textile, sewing products",textiles_and_garments_or_sewing_products,3318494573.0000005,3318494.5730000003,1000 USD
https://www.nso.gov.vn/en/data-and-statistics/2023/03/exports-and-imports-value-by-months-of-2023/,https://www.nso.gov.vn/wp-content/uploads/2023/03/E02-2023-8.xls,2023,7,import,Cotton,cotton,266438927.9999995,266438.9279999995,1000 USD
https://www.nso.gov.vn/en/data-and-statistics/2023/03/exports-and-imports-value-by-months-of-2023/,https://www.nso.gov.vn/wp-content/uploads/2023/03/E02-2023-8.xls,2023,7,import,Textile fibrics,fabrics,978221683.0,978221.683,1000 USD
https://www.nso.gov.vn/en/data-and-statistics/2023/03/exports-and-imports-value-by-months-of-2023/,https://www.nso.gov.vn/wp-content/uploads/2023/03/E02-2023-8.xls,2023,7,import,"Fibres, not spun",fibres_not_spun,169817824.00000006,169817.82400000005,1000 USD
https://www.nso.gov.vn/en/data-and-statistics/2023/03/exports-and-imports-value-by-months-of-2023/,https://www.nso.gov.vn/wp-content/uploads/2023/03/E02-2023-8.xls,2023,7,import,"Auxiliary materials for textile, garment, leather, footwear",textile_garment_leather_footwear_materials_auxiliaries,514028766.0000005,514028.76600000047,1000 USD
https://www.nso.gov.vn/en/data-and-statistics/2023/03/exports-and-imports-value-by-months-of-2023/,https://www.nso.gov.vn/wp-content/uploads/2023/03/E01-2023-8.xls,2023,8,export,"Fibres, not spun",fibres_not_spun,427149399.00000024,427149.39900000027,1000 USD
https://www.nso.gov.vn/en/data-and-statistics/2023/03/exports-and-imports-value-by-months-of-2023/,https://www.nso.gov.vn/wp-content/uploads/2023/03/E01-2023-8.xls,2023,8,export,Pieces of cloth and other technical cloths,technical_cloths,56983392.99999998,56983.392999999975,1000 USD
https://www.nso.gov.vn/en/data-and-statistics/2023/03/exports-and-imports-value-by-months-of-2023/,https://www.nso.gov.vn/wp-content/uploads/2023/03/E01-2023-8.xls,2023,8,export,"Auxiliary materials for textile, garment, leather, footwear",textile_garment_leather_footwear_materials_auxiliaries,185319015.99999976,185319.01599999977,1000 USD
https://www.nso.gov.vn/en/data-and-statistics/2023/03/exports-and-imports-value-by-months-of-2023/,https://www.nso.gov.vn/wp-content/uploads/2023/03/E01-2023-8.xls,2023,8,export,"Textile, sewing products",textiles_and_garments_or_sewing_products,3464876919.000001,3464876.919000001,1000 USD
https://www.nso.gov.vn/en/data-and-statistics/2023/03/exports-and-imports-value-by-months-of-2023/,https://www.nso.gov.vn/wp-content/uploads/2023/03/E02-2023-8.xls,2023,8,import,Cotton,cotton,244182793.0000002,244182.7930000002,1000 USD
https://www.nso.gov.vn/en/data-and-statistics/2023/03/exports-and-imports-value-by-months-of-2023/,https://www.nso.gov.vn/wp-content/uploads/2023/03/E02-2023-8.xls,2023,8,import,Textile fibrics,fabrics,1083823211.0,1083823.211,1000 USD
https://www.nso.gov.vn/en/data-and-statistics/2023/03/exports-and-imports-value-by-months-of-2023/,https://www.nso.gov.vn/wp-content/uploads/2023/03/E02-2023-8.xls,2023,8,import,"Fibres, not spun",fibres_not_spun,181406438.99999994,181406.43899999993,1000 USD
https://www.nso.gov.vn/en/data-and-statistics/2023/03/exports-and-imports-value-by-months-of-2023/,https://www.nso.gov.vn/wp-content/uploads/2023/03/E02-2023-8.xls,2023,8,import,"Auxiliary materials for textile, garment, leather, footwear",textile_garment_leather_footwear_materials_auxiliaries,537706957.0000001,537706.9570000002,1000 USD
https://www.nso.gov.vn/en/data-and-statistics/2023/03/exports-and-imports-value-by-months-of-2023/,https://www.nso.gov.vn/wp-content/uploads/2023/03/E01-2023-8.xls,2023,9,export,"Fibres, not spun",fibres_not_spun,373696347.9999998,373696.3479999998,1000 USD
https://www.nso.gov.vn/en/data-and-statistics/2023/03/exports-and-imports-value-by-months-of-2023/,https://www.nso.gov.vn/wp-content/uploads/2023/03/E01-2023-8.xls,2023,9,export,Pieces of cloth and other technical cloths,technical_cloths,50994613.00000001,50994.613000000005,1000 USD
https://www.nso.gov.vn/en/data-and-statistics/2023/03/exports-and-imports-value-by-months-of-2023/,https://www.nso.gov.vn/wp-content/uploads/2023/03/E01-2023-8.xls,2023,9,export,"Auxiliary materials for textile, garment, leather, footwear",textile_garment_leather_footwear_materials_auxiliaries,154749278.00000012,154749.2780000001,1000 USD
https://www.nso.gov.vn/en/data-and-statistics/2023/03/exports-and-imports-value-by-months-of-2023/,https://www.nso.gov.vn/wp-content/uploads/2023/03/E01-2023-8.xls,2023,9,export,"Textile, sewing products",textiles_and_garments_or_sewing_products,2582511540.0000005,2582511.5400000005,1000 USD
https://www.nso.gov.vn/en/data-and-statistics/2023/03/exports-and-imports-value-by-months-of-2023/,https://www.nso.gov.vn/wp-content/uploads/2023/03/E02-2023-8.xls,2023,9,import,Cotton,cotton,220476968.00000003,220476.96800000002,1000 USD
https://www.nso.gov.vn/en/data-and-statistics/2023/03/exports-and-imports-value-by-months-of-2023/,https://www.nso.gov.vn/wp-content/uploads/2023/03/E02-2023-8.xls,2023,9,import,Textile fibrics,fabrics,1100847868.9999998,1100847.8689999997,1000 USD
https://www.nso.gov.vn/en/data-and-statistics/2023/03/exports-and-imports-value-by-months-of-2023/,https://www.nso.gov.vn/wp-content/uploads/2023/03/E02-2023-8.xls,2023,9,import,"Fibres, not spun",fibres_not_spun,189450579.99999976,189450.57999999975,1000 USD
https://www.nso.gov.vn/en/data-and-statistics/2023/03/exports-and-imports-value-by-months-of-2023/,https://www.nso.gov.vn/wp-content/uploads/2023/03/E02-2023-8.xls,2023,9,import,"Auxiliary materials for textile, garment, leather, footwear",textile_garment_leather_footwear_materials_auxiliaries,518914771.9999996,518914.7719999996,1000 USD
https://www.nso.gov.vn/en/data-and-statistics/2023/03/exports-and-imports-value-by-months-of-2023/,https://www.nso.gov.vn/wp-content/uploads/2023/03/E01-2023-8.xls,2023,10,export,"Fibres, not spun",fibres_not_spun,388601414.0000004,388601.4140000004,1000 USD
https://www.nso.gov.vn/en/data-and-statistics/2023/03/exports-and-imports-value-by-months-of-2023/,https://www.nso.gov.vn/wp-content/uploads/2023/03/E01-2023-8.xls,2023,10,export,Pieces of cloth and other technical cloths,technical_cloths,53934884.99999994,53934.884999999944,1000 USD
https://www.nso.gov.vn/en/data-and-statistics/2023/03/exports-and-imports-value-by-months-of-2023/,https://www.nso.gov.vn/wp-content/uploads/2023/03/E01-2023-8.xls,2023,10,export,"Auxiliary materials for textile, garment, leather, footwear",textile_garment_leather_footwear_materials_auxiliaries,165329921.99999997,165329.92199999996,1000 USD
https://www.nso.gov.vn/en/data-and-statistics/2023/03/exports-and-imports-value-by-months-of-2023/,https://www.nso.gov.vn/wp-content/uploads/2023/03/E01-2023-8.xls,2023,10,export,"Textile, sewing products",textiles_and_garments_or_sewing_products,2575378220.0,2575378.22,1000 USD
https://www.nso.gov.vn/en/data-and-statistics/2023/03/exports-and-imports-value-by-months-of-2023/,https://www.nso.gov.vn/wp-content/uploads/2023/03/E02-2023-8.xls,2023,10,import,Cotton,cotton,216544733.00000015,216544.73300000015,1000 USD
https://www.nso.gov.vn/en/data-and-statistics/2023/03/exports-and-imports-value-by-months-of-2023/,https://www.nso.gov.vn/wp-content/uploads/2023/03/E02-2023-8.xls,2023,10,import,Textile fibrics,fabrics,1132505143.0000017,1132505.1430000018,1000 USD
https://www.nso.gov.vn/en/data-and-statistics/2023/03/exports-and-imports-value-by-months-of-2023/,https://www.nso.gov.vn/wp-content/uploads/2023/03/E02-2023-8.xls,2023,10,import,"Fibres, not spun",fibres_not_spun,194555431.99999994,194555.43199999994,1000 USD
https://www.nso.gov.vn/en/data-and-statistics/2023/03/exports-and-imports-value-by-months-of-2023/,https://www.nso.gov.vn/wp-content/uploads/2023/03/E02-2023-8.xls,2023,10,import,"Auxiliary materials for textile, garment, leather, footwear",textile_garment_leather_footwear_materials_auxiliaries,496385624.9999997,496385.6249999997,1000 USD
https://www.nso.gov.vn/en/data-and-statistics/2023/03/exports-and-imports-value-by-months-of-2023/,https://www.nso.gov.vn/wp-content/uploads/2023/03/E01-2023-8.xls,2023,11,export,"Fibres, not spun",fibres_not_spun,353977605.00000006,353977.60500000004,1000 USD
https://www.nso.gov.vn/en/data-and-statistics/2023/03/exports-and-imports-value-by-months-of-2023/,https://www.nso.gov.vn/wp-content/uploads/2023/03/E01-2023-8.xls,2023,11,export,Pieces of cloth and other technical cloths,technical_cloths,56318875.00000005,56318.87500000005,1000 USD
https://www.nso.gov.vn/en/data-and-statistics/2023/03/exports-and-imports-value-by-months-of-2023/,https://www.nso.gov.vn/wp-content/uploads/2023/03/E01-2023-8.xls,2023,11,export,"Auxiliary materials for textile, garment, leather, footwear",textile_garment_leather_footwear_materials_auxiliaries,156365986.9999999,156365.9869999999,1000 USD
https://www.nso.gov.vn/en/data-and-statistics/2023/03/exports-and-imports-value-by-months-of-2023/,https://www.nso.gov.vn/wp-content/uploads/2023/03/E01-2023-8.xls,2023,11,export,"Textile, sewing products",textiles_and_garments_or_sewing_products,2755358531.000005,2755358.5310000046,1000 USD
https://www.nso.gov.vn/en/data-and-statistics/2023/03/exports-and-imports-value-by-months-of-2023/,https://www.nso.gov.vn/wp-content/uploads/2023/03/E02-2023-8.xls,2023,11,import,Cotton,cotton,237016670.00000006,237016.67000000007,1000 USD
https://www.nso.gov.vn/en/data-and-statistics/2023/03/exports-and-imports-value-by-months-of-2023/,https://www.nso.gov.vn/wp-content/uploads/2023/03/E02-2023-8.xls,2023,11,import,Textile fibrics,fabrics,1162674373.0000005,1162674.3730000004,1000 USD
https://www.nso.gov.vn/en/data-and-statistics/2023/03/exports-and-imports-value-by-months-of-2023/,https://www.nso.gov.vn/wp-content/uploads/2023/03/E02-2023-8.xls,2023,11,import,"Fibres, not spun",fibres_not_spun,194319346.00000006,194319.34600000005,1000 USD
https://www.nso.gov.vn/en/data-and-statistics/2023/03/exports-and-imports-value-by-months-of-2023/,https://www.nso.gov.vn/wp-content/uploads/2023/03/E02-2023-8.xls,2023,11,import,"Auxiliary materials for textile, garment, leather, footwear",textile_garment_leather_footwear_materials_auxiliaries,535770920.9999999,535770.9209999999,1000 USD
https://www.nso.gov.vn/en/data-and-statistics/2023/03/exports-and-imports-value-by-months-of-2023/,https://www.nso.gov.vn/wp-content/uploads/2023/03/E01-2023-8.xls,2023,12,export,"Fibres, not spun",fibres_not_spun,360838429.0,360838.429,1000 USD
https://www.nso.gov.vn/en/data-and-statistics/2023/03/exports-and-imports-value-by-months-of-2023/,https://www.nso.gov.vn/wp-content/uploads/2023/03/E01-2023-8.xls,2023,12,export,"Fibres, not spun",fibres_not_spun,4355699745.0,4355699.745,1000 USD
https://www.nso.gov.vn/en/data-and-statistics/2023/03/exports-and-imports-value-by-months-of-2023/,https://www.nso.gov.vn/wp-content/uploads/2023/03/E01-2023-8.xls,2023,12,export,Pieces of cloth and other technical cloths,technical_cloths,54469270.000000015,54469.27000000002,1000 USD
https://www.nso.gov.vn/en/data-and-statistics/2023/03/exports-and-imports-value-by-months-of-2023/,https://www.nso.gov.vn/wp-content/uploads/2023/03/E01-2023-8.xls,2023,12,export,Pieces of cloth and other technical cloths,technical_cloths,661020137.0,661020.137,1000 USD
https://www.nso.gov.vn/en/data-and-statistics/2023/03/exports-and-imports-value-by-months-of-2023/,https://www.nso.gov.vn/wp-content/uploads/2023/03/E01-2023-8.xls,2023,12,export,"Auxiliary materials for textile, garment, leather, footwear",textile_garment_leather_footwear_materials_auxiliaries,164433675.00000006,164433.67500000005,1000 USD
https://www.nso.gov.vn/en/data-and-statistics/2023/03/exports-and-imports-value-by-months-of-2023/,https://www.nso.gov.vn/wp-content/uploads/2023/03/E01-2023-8.xls,2023,12,export,"Auxiliary materials for textile, garment, leather, footwear",textile_garment_leather_footwear_materials_auxiliaries,1952068397.0,1952068.397,1000 USD
https://www.nso.gov.vn/en/data-and-statistics/2023/03/exports-and-imports-value-by-months-of-2023/,https://www.nso.gov.vn/wp-content/uploads/2023/03/E01-2023-8.xls,2023,12,export,"Textile, sewing products",textiles_and_garments_or_sewing_products,2902949130.999997,2902949.1309999973,1000 USD
https://www.nso.gov.vn/en/data-and-statistics/2023/03/exports-and-imports-value-by-months-of-2023/,https://www.nso.gov.vn/wp-content/uploads/2023/03/E01-2023-8.xls,2023,12,export,"Textile, sewing products",textiles_and_garments_or_sewing_products,33329144538.0,33329144.538,1000 USD
https://www.nso.gov.vn/en/data-and-statistics/2023/03/exports-and-imports-value-by-months-of-2023/,https://www.nso.gov.vn/wp-content/uploads/2023/03/E02-2023-8.xls,2023,12,import,Cotton,cotton,240955171.9999998,240955.1719999998,1000 USD
https://www.nso.gov.vn/en/data-and-statistics/2023/03/exports-and-imports-value-by-months-of-2023/,https://www.nso.gov.vn/wp-content/uploads/2023/03/E02-2023-8.xls,2023,12,import,Cotton,cotton,2831660303.0,2831660.303,1000 USD
https://www.nso.gov.vn/en/data-and-statistics/2023/03/exports-and-imports-value-by-months-of-2023/,https://www.nso.gov.vn/wp-content/uploads/2023/03/E02-2023-8.xls,2023,12,import,Textile fibrics,fabrics,1142711636.0,1142711.636,1000 USD
https://www.nso.gov.vn/en/data-and-statistics/2023/03/exports-and-imports-value-by-months-of-2023/,https://www.nso.gov.vn/wp-content/uploads/2023/03/E02-2023-8.xls,2023,12,import,Textile fibrics,fabrics,13016741945.0,13016741.945,1000 USD
https://www.nso.gov.vn/en/data-and-statistics/2023/03/exports-and-imports-value-by-months-of-2023/,https://www.nso.gov.vn/wp-content/uploads/2023/03/E02-2023-8.xls,2023,12,import,"Fibres, not spun",fibres_not_spun,196797705.00000006,196797.70500000007,1000 USD
https://www.nso.gov.vn/en/data-and-statistics/2023/03/exports-and-imports-value-by-months-of-2023/,https://www.nso.gov.vn/wp-content/uploads/2023/03/E02-2023-8.xls,2023,12,import,"Fibres, not spun",fibres_not_spun,2191238504.0,2191238.504,1000 USD
https://www.nso.gov.vn/en/data-and-statistics/2023/03/exports-and-imports-value-by-months-of-2023/,https://www.nso.gov.vn/wp-content/uploads/2023/03/E02-2023-8.xls,2023,12,import,"Auxiliary materials for textile, garment, leather, footwear",textile_garment_leather_footwear_materials_auxiliaries,525391501.0000002,525391.5010000002,1000 USD
https://www.nso.gov.vn/en/data-and-statistics/2023/03/exports-and-imports-value-by-months-of-2023/,https://www.nso.gov.vn/wp-content/uploads/2023/03/E02-2023-8.xls,2023,12,import,"Auxiliary materials for textile, garment, leather, footwear",textile_garment_leather_footwear_materials_auxiliaries,6008035865.0,6008035.865,1000 USD
https://www.nso.gov.vn/en/data-and-statistics/2024/03/exports-and-imports-value-by-months-of-2024/,https://www.nso.gov.vn/wp-content/uploads/2024/03/E01-2024-7.xls,2024,1,export,"Fibres, not spun",fibres_not_spun,374401997.0,374401.997,1000 USD
https://www.nso.gov.vn/en/data-and-statistics/2024/03/exports-and-imports-value-by-months-of-2024/,https://www.nso.gov.vn/wp-content/uploads/2024/03/E01-2024-7.xls,2024,1,export,Pieces of cloth and other technical cloths,technical_cloths,66622803.0,66622.803,1000 USD
https://www.nso.gov.vn/en/data-and-statistics/2024/03/exports-and-imports-value-by-months-of-2024/,https://www.nso.gov.vn/wp-content/uploads/2024/03/E01-2024-7.xls,2024,1,export,"Auxiliary materials for textile, garment, leather, footwear",textile_garment_leather_footwear_materials_auxiliaries,193061218.0,193061.218,1000 USD
https://www.nso.gov.vn/en/data-and-statistics/2024/03/exports-and-imports-value-by-months-of-2024/,https://www.nso.gov.vn/wp-content/uploads/2024/03/E01-2024-7.xls,2024,1,export,"Textile, sewing products",textiles_and_garments_or_sewing_products,3132954006.0,3132954.006,1000 USD
https://www.nso.gov.vn/en/data-and-statistics/2024/03/exports-and-imports-value-by-months-of-2024/,https://www.nso.gov.vn/wp-content/uploads/2024/03/E02-2024-7.xls,2024,1,import,Cotton,cotton,289711173.0,289711.173,1000 USD
https://www.nso.gov.vn/en/data-and-statistics/2024/03/exports-and-imports-value-by-months-of-2024/,https://www.nso.gov.vn/wp-content/uploads/2024/03/E02-2024-7.xls,2024,1,import,Textile fibrics,fabrics,1175325528.0,1175325.528,1000 USD
https://www.nso.gov.vn/en/data-and-statistics/2024/03/exports-and-imports-value-by-months-of-2024/,https://www.nso.gov.vn/wp-content/uploads/2024/03/E02-2024-7.xls,2024,1,import,"Fibres, not spun",fibres_not_spun,222155530.0,222155.53,1000 USD
https://www.nso.gov.vn/en/data-and-statistics/2024/03/exports-and-imports-value-by-months-of-2024/,https://www.nso.gov.vn/wp-content/uploads/2024/03/E02-2024-7.xls,2024,1,import,"Auxiliary materials for textile, garment, leather, footwear",textile_garment_leather_footwear_materials_auxiliaries,563445122.0,563445.122,1000 USD
https://www.nso.gov.vn/en/data-and-statistics/2024/03/exports-and-imports-value-by-months-of-2024/,https://www.nso.gov.vn/wp-content/uploads/2024/03/E01-2024-7.xls,2024,2,export,"Fibres, not spun",fibres_not_spun,292357972.00000006,292357.97200000007,1000 USD
https://www.nso.gov.vn/en/data-and-statistics/2024/03/exports-and-imports-value-by-months-of-2024/,https://www.nso.gov.vn/wp-content/uploads/2024/03/E01-2024-7.xls,2024,2,export,Pieces of cloth and other technical cloths,technical_cloths,59553996.0,59553.996,1000 USD
https://www.nso.gov.vn/en/data-and-statistics/2024/03/exports-and-imports-value-by-months-of-2024/,https://www.nso.gov.vn/wp-content/uploads/2024/03/E01-2024-7.xls,2024,2,export,"Auxiliary materials for textile, garment, leather, footwear",textile_garment_leather_footwear_materials_auxiliaries,117343753.00000003,117343.75300000003,1000 USD
https://www.nso.gov.vn/en/data-and-statistics/2024/03/exports-and-imports-value-by-months-of-2024/,https://www.nso.gov.vn/wp-content/uploads/2024/03/E01-2024-7.xls,2024,2,export,"Textile, sewing products",textiles_and_garments_or_sewing_products,2024071173.9999998,2024071.1739999996,1000 USD
https://www.nso.gov.vn/en/data-and-statistics/2024/03/exports-and-imports-value-by-months-of-2024/,https://www.nso.gov.vn/wp-content/uploads/2024/03/E02-2024-7.xls,2024,2,import,Cotton,cotton,191103407.0,191103.407,1000 USD
https://www.nso.gov.vn/en/data-and-statistics/2024/03/exports-and-imports-value-by-months-of-2024/,https://www.nso.gov.vn/wp-content/uploads/2024/03/E02-2024-7.xls,2024,2,import,Textile fibrics,fabrics,789024348.0,789024.348,1000 USD
https://www.nso.gov.vn/en/data-and-statistics/2024/03/exports-and-imports-value-by-months-of-2024/,https://www.nso.gov.vn/wp-content/uploads/2024/03/E02-2024-7.xls,2024,2,import,"Fibres, not spun",fibres_not_spun,131101697.00000001,131101.69700000001,1000 USD
https://www.nso.gov.vn/en/data-and-statistics/2024/03/exports-and-imports-value-by-months-of-2024/,https://www.nso.gov.vn/wp-content/uploads/2024/03/E02-2024-7.xls,2024,2,import,"Auxiliary materials for textile, garment, leather, footwear",textile_garment_leather_footwear_materials_auxiliaries,377539466.0,377539.466,1000 USD
https://www.nso.gov.vn/en/data-and-statistics/2024/03/exports-and-imports-value-by-months-of-2024/,https://www.nso.gov.vn/wp-content/uploads/2024/03/E01-2024-7.xls,2024,3,export,"Fibres, not spun",fibres_not_spun,388950967.9999999,388950.9679999999,1000 USD
https://www.nso.gov.vn/en/data-and-statistics/2024/03/exports-and-imports-value-by-months-of-2024/,https://www.nso.gov.vn/wp-content/uploads/2024/03/E01-2024-7.xls,2024,3,export,Pieces of cloth and other technical cloths,technical_cloths,69348568.0,69348.568,1000 USD
https://www.nso.gov.vn/en/data-and-statistics/2024/03/exports-and-imports-value-by-months-of-2024/,https://www.nso.gov.vn/wp-content/uploads/2024/03/E01-2024-7.xls,2024,3,export,"Auxiliary materials for textile, garment, leather, footwear",textile_garment_leather_footwear_materials_auxiliaries,187402870.99999997,187402.87099999998,1000 USD
https://www.nso.gov.vn/en/data-and-statistics/2024/03/exports-and-imports-value-by-months-of-2024/,https://www.nso.gov.vn/wp-content/uploads/2024/03/E01-2024-7.xls,2024,3,export,"Textile, sewing products",textiles_and_garments_or_sewing_products,2663520364.0,2663520.364,1000 USD
https://www.nso.gov.vn/en/data-and-statistics/2024/03/exports-and-imports-value-by-months-of-2024/,https://www.nso.gov.vn/wp-content/uploads/2024/03/E02-2024-7.xls,2024,3,import,Cotton,cotton,249428529.99999997,249428.52999999997,1000 USD
https://www.nso.gov.vn/en/data-and-statistics/2024/03/exports-and-imports-value-by-months-of-2024/,https://www.nso.gov.vn/wp-content/uploads/2024/03/E02-2024-7.xls,2024,3,import,Textile fibrics,fabrics,1191917543.9999998,1191917.5439999998,1000 USD
https://www.nso.gov.vn/en/data-and-statistics/2024/03/exports-and-imports-value-by-months-of-2024/,https://www.nso.gov.vn/wp-content/uploads/2024/03/E02-2024-7.xls,2024,3,import,"Fibres, not spun",fibres_not_spun,220766948.99999994,220766.94899999994,1000 USD
https://www.nso.gov.vn/en/data-and-statistics/2024/03/exports-and-imports-value-by-months-of-2024/,https://www.nso.gov.vn/wp-content/uploads/2024/03/E02-2024-7.xls,2024,3,import,"Auxiliary materials for textile, garment, leather, footwear",textile_garment_leather_footwear_materials_auxiliaries,612533065.0,612533.065,1000 USD
https://www.nso.gov.vn/en/data-and-statistics/2024/03/exports-and-imports-value-by-months-of-2024/,https://www.nso.gov.vn/wp-content/uploads/2024/03/E01-2024-7.xls,2024,4,export,"Fibres, not spun",fibres_not_spun,355804268.0000002,355804.26800000016,1000 USD
https://www.nso.gov.vn/en/data-and-statistics/2024/03/exports-and-imports-value-by-months-of-2024/,https://www.nso.gov.vn/wp-content/uploads/2024/03/E01-2024-7.xls,2024,4,export,Pieces of cloth and other technical cloths,technical_cloths,64793875.0,64793.875,1000 USD
https://www.nso.gov.vn/en/data-and-statistics/2024/03/exports-and-imports-value-by-months-of-2024/,https://www.nso.gov.vn/wp-content/uploads/2024/03/E01-2024-7.xls,2024,4,export,"Auxiliary materials for textile, garment, leather, footwear",textile_garment_leather_footwear_materials_auxiliaries,190837193.99999997,190837.19399999996,1000 USD
https://www.nso.gov.vn/en/data-and-statistics/2024/03/exports-and-imports-value-by-months-of-2024/,https://www.nso.gov.vn/wp-content/uploads/2024/03/E01-2024-7.xls,2024,4,export,"Textile, sewing products",textiles_and_garments_or_sewing_products,2595802867.0000005,2595802.8670000006,1000 USD
https://www.nso.gov.vn/en/data-and-statistics/2024/03/exports-and-imports-value-by-months-of-2024/,https://www.nso.gov.vn/wp-content/uploads/2024/03/E02-2024-7.xls,2024,4,import,Cotton,cotton,269667712.00000006,269667.71200000006,1000 USD
https://www.nso.gov.vn/en/data-and-statistics/2024/03/exports-and-imports-value-by-months-of-2024/,https://www.nso.gov.vn/wp-content/uploads/2024/03/E02-2024-7.xls,2024,4,import,Textile fibrics,fabrics,1336279151.9999998,1336279.1519999998,1000 USD
https://www.nso.gov.vn/en/data-and-statistics/2024/03/exports-and-imports-value-by-months-of-2024/,https://www.nso.gov.vn/wp-content/uploads/2024/03/E02-2024-7.xls,2024,4,import,"Fibres, not spun",fibres_not_spun,231962593.0,231962.593,1000 USD
https://www.nso.gov.vn/en/data-and-statistics/2024/03/exports-and-imports-value-by-months-of-2024/,https://www.nso.gov.vn/wp-content/uploads/2024/03/E02-2024-7.xls,2024,4,import,"Auxiliary materials for textile, garment, leather, footwear",textile_garment_leather_footwear_materials_auxiliaries,630411436.9999999,630411.4369999999,1000 USD
https://www.nso.gov.vn/en/data-and-statistics/2024/03/exports-and-imports-value-by-months-of-2024/,https://www.nso.gov.vn/wp-content/uploads/2024/03/E01-2024-7.xls,2024,5,export,"Fibres, not spun",fibres_not_spun,386276091.99999994,386276.09199999995,1000 USD
https://www.nso.gov.vn/en/data-and-statistics/2024/03/exports-and-imports-value-by-months-of-2024/,https://www.nso.gov.vn/wp-content/uploads/2024/03/E01-2024-7.xls,2024,5,export,Pieces of cloth and other technical cloths,technical_cloths,65931508.0,65931.508,1000 USD
https://www.nso.gov.vn/en/data-and-statistics/2024/03/exports-and-imports-value-by-months-of-2024/,https://www.nso.gov.vn/wp-content/uploads/2024/03/E01-2024-7.xls,2024,5,export,"Auxiliary materials for textile, garment, leather, footwear",textile_garment_leather_footwear_materials_auxiliaries,194251791.0000001,194251.79100000008,1000 USD
https://www.nso.gov.vn/en/data-and-statistics/2024/03/exports-and-imports-value-by-months-of-2024/,https://www.nso.gov.vn/wp-content/uploads/2024/03/E01-2024-7.xls,2024,5,export,"Textile, sewing products",textiles_and_garments_or_sewing_products,2765266322.999999,2765266.322999999,1000 USD
https://www.nso.gov.vn/en/data-and-statistics/2024/03/exports-and-imports-value-by-months-of-2024/,https://www.nso.gov.vn/wp-content/uploads/2024/03/E02-2024-7.xls,2024,5,import,Cotton,cotton,309167867.9999999,309167.8679999999,1000 USD
https://www.nso.gov.vn/en/data-and-statistics/2024/03/exports-and-imports-value-by-months-of-2024/,https://www.nso.gov.vn/wp-content/uploads/2024/03/E02-2024-7.xls,2024,5,import,Textile fibrics,fabrics,1425921049.0000005,1425921.0490000006,1000 USD
https://www.nso.gov.vn/en/data-and-statistics/2024/03/exports-and-imports-value-by-months-of-2024/,https://www.nso.gov.vn/wp-content/uploads/2024/03/E02-2024-7.xls,2024,5,import,"Fibres, not spun",fibres_not_spun,246278548.00000006,246278.54800000007,1000 USD
https://www.nso.gov.vn/en/data-and-statistics/2024/03/exports-and-imports-value-by-months-of-2024/,https://www.nso.gov.vn/wp-content/uploads/2024/03/E02-2024-7.xls,2024,5,import,"Auxiliary materials for textile, garment, leather, footwear",textile_garment_leather_footwear_materials_auxiliaries,646200166.0000002,646200.1660000002,1000 USD
https://www.nso.gov.vn/en/data-and-statistics/2024/03/exports-and-imports-value-by-months-of-2024/,https://www.nso.gov.vn/wp-content/uploads/2024/03/E01-2024-7.xls,2024,6,export,"Fibres, not spun",fibres_not_spun,363237479.00000006,363237.47900000005,1000 USD
https://www.nso.gov.vn/en/data-and-statistics/2024/03/exports-and-imports-value-by-months-of-2024/,https://www.nso.gov.vn/wp-content/uploads/2024/03/E01-2024-7.xls,2024,6,export,Pieces of cloth and other technical cloths,technical_cloths,63877659.99999998,63877.659999999974,1000 USD
https://www.nso.gov.vn/en/data-and-statistics/2024/03/exports-and-imports-value-by-months-of-2024/,https://www.nso.gov.vn/wp-content/uploads/2024/03/E01-2024-7.xls,2024,6,export,"Auxiliary materials for textile, garment, leather, footwear",textile_garment_leather_footwear_materials_auxiliaries,178044517.0,178044.517,1000 USD
https://www.nso.gov.vn/en/data-and-statistics/2024/03/exports-and-imports-value-by-months-of-2024/,https://www.nso.gov.vn/wp-content/uploads/2024/03/E01-2024-7.xls,2024,6,export,"Textile, sewing products",textiles_and_garments_or_sewing_products,3341341810.0000005,3341341.8100000005,1000 USD
https://www.nso.gov.vn/en/data-and-statistics/2024/03/exports-and-imports-value-by-months-of-2024/,https://www.nso.gov.vn/wp-content/uploads/2024/03/E02-2024-7.xls,2024,6,import,Cotton,cotton,189013098.0,189013.098,1000 USD
https://www.nso.gov.vn/en/data-and-statistics/2024/03/exports-and-imports-value-by-months-of-2024/,https://www.nso.gov.vn/wp-content/uploads/2024/03/E02-2024-7.xls,2024,6,import,Textile fibrics,fabrics,1324735319.0000002,1324735.3190000001,1000 USD
https://www.nso.gov.vn/en/data-and-statistics/2024/03/exports-and-imports-value-by-months-of-2024/,https://www.nso.gov.vn/wp-content/uploads/2024/03/E02-2024-7.xls,2024,6,import,"Fibres, not spun",fibres_not_spun,223664889.9999999,223664.8899999999,1000 USD
https://www.nso.gov.vn/en/data-and-statistics/2024/03/exports-and-imports-value-by-months-of-2024/,https://www.nso.gov.vn/wp-content/uploads/2024/03/E02-2024-7.xls,2024,6,import,"Auxiliary materials for textile, garment, leather, footwear",textile_garment_leather_footwear_materials_auxiliaries,580415540.0,580415.54,1000 USD
https://www.nso.gov.vn/en/data-and-statistics/2024/03/exports-and-imports-value-by-months-of-2024/,https://www.nso.gov.vn/wp-content/uploads/2024/03/E01-2024-7.xls,2024,7,export,"Fibres, not spun",fibres_not_spun,374751955.00000006,374751.9550000001,1000 USD
https://www.nso.gov.vn/en/data-and-statistics/2024/03/exports-and-imports-value-by-months-of-2024/,https://www.nso.gov.vn/wp-content/uploads/2024/03/E01-2024-7.xls,2024,7,export,Pieces of cloth and other technical cloths,technical_cloths,68269126.00000004,68269.12600000005,1000 USD
https://www.nso.gov.vn/en/data-and-statistics/2024/03/exports-and-imports-value-by-months-of-2024/,https://www.nso.gov.vn/wp-content/uploads/2024/03/E01-2024-7.xls,2024,7,export,"Auxiliary materials for textile, garment, leather, footwear",textile_garment_leather_footwear_materials_auxiliaries,193945967.99999988,193945.96799999988,1000 USD
https://www.nso.gov.vn/en/data-and-statistics/2024/03/exports-and-imports-value-by-months-of-2024/,https://www.nso.gov.vn/wp-content/uploads/2024/03/E01-2024-7.xls,2024,7,export,"Textile, sewing products",textiles_and_garments_or_sewing_products,3751377956.0,3751377.9560000002,1000 USD
https://www.nso.gov.vn/en/data-and-statistics/2024/03/exports-and-imports-value-by-months-of-2024/,https://www.nso.gov.vn/wp-content/uploads/2024/03/E02-2024-7.xls,2024,7,import,Cotton,cotton,219344563.0000001,219344.56300000008,1000 USD
https://www.nso.gov.vn/en/data-and-statistics/2024/03/exports-and-imports-value-by-months-of-2024/,https://www.nso.gov.vn/wp-content/uploads/2024/03/E02-2024-7.xls,2024,7,import,Textile fibrics,fabrics,1201449764.9999998,1201449.7649999997,1000 USD
https://www.nso.gov.vn/en/data-and-statistics/2024/03/exports-and-imports-value-by-months-of-2024/,https://www.nso.gov.vn/wp-content/uploads/2024/03/E02-2024-7.xls,2024,7,import,"Fibres, not spun",fibres_not_spun,244188338.0,244188.338,1000 USD
https://www.nso.gov.vn/en/data-and-statistics/2024/03/exports-and-imports-value-by-months-of-2024/,https://www.nso.gov.vn/wp-content/uploads/2024/03/E02-2024-7.xls,2024,7,import,"Auxiliary materials for textile, garment, leather, footwear",textile_garment_leather_footwear_materials_auxiliaries,573972790.9999998,573972.7909999997,1000 USD
https://www.nso.gov.vn/en/data-and-statistics/2024/03/exports-and-imports-value-by-months-of-2024/,https://www.nso.gov.vn/wp-content/uploads/2024/03/E01-2024-7.xls,2024,8,export,"Fibres, not spun",fibres_not_spun,383382533.00000006,383382.53300000005,1000 USD
https://www.nso.gov.vn/en/data-and-statistics/2024/03/exports-and-imports-value-by-months-of-2024/,https://www.nso.gov.vn/wp-content/uploads/2024/03/E01-2024-7.xls,2024,8,export,Pieces of cloth and other technical cloths,technical_cloths,71012881.00000001,71012.88100000001,1000 USD
https://www.nso.gov.vn/en/data-and-statistics/2024/03/exports-and-imports-value-by-months-of-2024/,https://www.nso.gov.vn/wp-content/uploads/2024/03/E01-2024-7.xls,2024,8,export,"Auxiliary materials for textile, garment, leather, footwear",textile_garment_leather_footwear_materials_auxiliaries,214769023.99999985,214769.02399999986,1000 USD
https://www.nso.gov.vn/en/data-and-statistics/2024/03/exports-and-imports-value-by-months-of-2024/,https://www.nso.gov.vn/wp-content/uploads/2024/03/E01-2024-7.xls,2024,8,export,"Textile, sewing products",textiles_and_garments_or_sewing_products,4091804326.9999976,4091804.3269999977,1000 USD
https://www.nso.gov.vn/en/data-and-statistics/2024/03/exports-and-imports-value-by-months-of-2024/,https://www.nso.gov.vn/wp-content/uploads/2024/03/E02-2024-7.xls,2024,8,import,Cotton,cotton,253832363.0,253832.363,1000 USD
https://www.nso.gov.vn/en/data-and-statistics/2024/03/exports-and-imports-value-by-months-of-2024/,https://www.nso.gov.vn/wp-content/uploads/2024/03/E02-2024-7.xls,2024,8,import,Textile fibrics,fabrics,1239094767.0,1239094.767,1000 USD
https://www.nso.gov.vn/en/data-and-statistics/2024/03/exports-and-imports-value-by-months-of-2024/,https://www.nso.gov.vn/wp-content/uploads/2024/03/E02-2024-7.xls,2024,8,import,"Fibres, not spun",fibres_not_spun,263812882.99999997,263812.883,1000 USD
https://www.nso.gov.vn/en/data-and-statistics/2024/03/exports-and-imports-value-by-months-of-2024/,https://www.nso.gov.vn/wp-content/uploads/2024/03/E02-2024-7.xls,2024,8,import,"Auxiliary materials for textile, garment, leather, footwear",textile_garment_leather_footwear_materials_auxiliaries,603714244.0,603714.244,1000 USD
https://www.nso.gov.vn/en/data-and-statistics/2024/03/exports-and-imports-value-by-months-of-2024/,https://www.nso.gov.vn/wp-content/uploads/2024/03/E01-2024-7.xls,2024,9,export,"Fibres, not spun",fibres_not_spun,336563237.0,336563.237,1000 USD
https://www.nso.gov.vn/en/data-and-statistics/2024/03/exports-and-imports-value-by-months-of-2024/,https://www.nso.gov.vn/wp-content/uploads/2024/03/E01-2024-7.xls,2024,9,export,Pieces of cloth and other technical cloths,technical_cloths,58091918.0,58091.918,1000 USD
https://www.nso.gov.vn/en/data-and-statistics/2024/03/exports-and-imports-value-by-months-of-2024/,https://www.nso.gov.vn/wp-content/uploads/2024/03/E01-2024-7.xls,2024,9,export,"Auxiliary materials for textile, garment, leather, footwear",textile_garment_leather_footwear_materials_auxiliaries,175455367.0,175455.367,1000 USD
https://www.nso.gov.vn/en/data-and-statistics/2024/03/exports-and-imports-value-by-months-of-2024/,https://www.nso.gov.vn/wp-content/uploads/2024/03/E01-2024-7.xls,2024,9,export,"Textile, sewing products",textiles_and_garments_or_sewing_products,2978507110.0,2978507.11,1000 USD
https://www.nso.gov.vn/en/data-and-statistics/2024/03/exports-and-imports-value-by-months-of-2024/,https://www.nso.gov.vn/wp-content/uploads/2024/03/E02-2024-7.xls,2024,9,import,Cotton,cotton,217834675.0,217834.675,1000 USD
https://www.nso.gov.vn/en/data-and-statistics/2024/03/exports-and-imports-value-by-months-of-2024/,https://www.nso.gov.vn/wp-content/uploads/2024/03/E02-2024-7.xls,2024,9,import,Textile fibrics,fabrics,1254140896.0,1254140.896,1000 USD
https://www.nso.gov.vn/en/data-and-statistics/2024/03/exports-and-imports-value-by-months-of-2024/,https://www.nso.gov.vn/wp-content/uploads/2024/03/E02-2024-7.xls,2024,9,import,"Fibres, not spun",fibres_not_spun,218101911.0,218101.911,1000 USD
https://www.nso.gov.vn/en/data-and-statistics/2024/03/exports-and-imports-value-by-months-of-2024/,https://www.nso.gov.vn/wp-content/uploads/2024/03/E02-2024-7.xls,2024,9,import,"Auxiliary materials for textile, garment, leather, footwear",textile_garment_leather_footwear_materials_auxiliaries,653070683.0,653070.683,1000 USD
https://www.nso.gov.vn/en/data-and-statistics/2024/03/exports-and-imports-value-by-months-of-2024/,https://www.nso.gov.vn/wp-content/uploads/2024/03/E01-2024-7.xls,2024,10,export,"Fibres, not spun",fibres_not_spun,397748858.99999946,397748.8589999995,1000 USD
https://www.nso.gov.vn/en/data-and-statistics/2024/03/exports-and-imports-value-by-months-of-2024/,https://www.nso.gov.vn/wp-content/uploads/2024/03/E01-2024-7.xls,2024,10,export,Pieces of cloth and other technical cloths,technical_cloths,62842016.00000003,62842.01600000003,1000 USD
https://www.nso.gov.vn/en/data-and-statistics/2024/03/exports-and-imports-value-by-months-of-2024/,https://www.nso.gov.vn/wp-content/uploads/2024/03/E01-2024-7.xls,2024,10,export,"Auxiliary materials for textile, garment, leather, footwear",textile_garment_leather_footwear_materials_auxiliaries,202590917.0000003,202590.9170000003,1000 USD
https://www.nso.gov.vn/en/data-and-statistics/2024/03/exports-and-imports-value-by-months-of-2024/,https://www.nso.gov.vn/wp-content/uploads/2024/03/E01-2024-7.xls,2024,10,export,"Textile, sewing products",textiles_and_garments_or_sewing_products,3227677954.000004,3227677.9540000036,1000 USD
https://www.nso.gov.vn/en/data-and-statistics/2024/03/exports-and-imports-value-by-months-of-2024/,https://www.nso.gov.vn/wp-content/uploads/2024/03/E02-2024-7.xls,2024,10,import,Cotton,cotton,229848842.0000003,229848.8420000003,1000 USD
https://www.nso.gov.vn/en/data-and-statistics/2024/03/exports-and-imports-value-by-months-of-2024/,https://www.nso.gov.vn/wp-content/uploads/2024/03/E02-2024-7.xls,2024,10,import,Textile fibrics,fabrics,1335308695.9999995,1335308.6959999995,1000 USD
https://www.nso.gov.vn/en/data-and-statistics/2024/03/exports-and-imports-value-by-months-of-2024/,https://www.nso.gov.vn/wp-content/uploads/2024/03/E02-2024-7.xls,2024,10,import,"Fibres, not spun",fibres_not_spun,237566691.0,237566.691,1000 USD
https://www.nso.gov.vn/en/data-and-statistics/2024/03/exports-and-imports-value-by-months-of-2024/,https://www.nso.gov.vn/wp-content/uploads/2024/03/E02-2024-7.xls,2024,10,import,"Auxiliary materials for textile, garment, leather, footwear",textile_garment_leather_footwear_materials_auxiliaries,644092828.0000002,644092.8280000002,1000 USD
https://www.nso.gov.vn/en/data-and-statistics/2024/03/exports-and-imports-value-by-months-of-2024/,https://www.nso.gov.vn/wp-content/uploads/2024/03/E01-2024-7.xls,2024,11,export,"Fibres, not spun",fibres_not_spun,368767278.9999994,368767.2789999994,1000 USD
https://www.nso.gov.vn/en/data-and-statistics/2024/03/exports-and-imports-value-by-months-of-2024/,https://www.nso.gov.vn/wp-content/uploads/2024/03/E01-2024-7.xls,2024,11,export,Pieces of cloth and other technical cloths,technical_cloths,64689679.99999989,64689.67999999989,1000 USD
https://www.nso.gov.vn/en/data-and-statistics/2024/03/exports-and-imports-value-by-months-of-2024/,https://www.nso.gov.vn/wp-content/uploads/2024/03/E01-2024-7.xls,2024,11,export,"Auxiliary materials for textile, garment, leather, footwear",textile_garment_leather_footwear_materials_auxiliaries,187871888.99999943,187871.88899999944,1000 USD
https://www.nso.gov.vn/en/data-and-statistics/2024/03/exports-and-imports-value-by-months-of-2024/,https://www.nso.gov.vn/wp-content/uploads/2024/03/E01-2024-7.xls,2024,11,export,"Textile, sewing products",textiles_and_garments_or_sewing_products,3091379746.999994,3091379.746999994,1000 USD
https://www.nso.gov.vn/en/data-and-statistics/2024/03/exports-and-imports-value-by-months-of-2024/,https://www.nso.gov.vn/wp-content/uploads/2024/03/E02-2024-7.xls,2024,11,import,Cotton,cotton,232029898.9999998,232029.8989999998,1000 USD
https://www.nso.gov.vn/en/data-and-statistics/2024/03/exports-and-imports-value-by-months-of-2024/,https://www.nso.gov.vn/wp-content/uploads/2024/03/E02-2024-7.xls,2024,11,import,Textile fibrics,fabrics,1301871474.9999988,1301871.4749999987,1000 USD
https://www.nso.gov.vn/en/data-and-statistics/2024/03/exports-and-imports-value-by-months-of-2024/,https://www.nso.gov.vn/wp-content/uploads/2024/03/E02-2024-7.xls,2024,11,import,"Fibres, not spun",fibres_not_spun,235271901.00000033,235271.90100000033,1000 USD
https://www.nso.gov.vn/en/data-and-statistics/2024/03/exports-and-imports-value-by-months-of-2024/,https://www.nso.gov.vn/wp-content/uploads/2024/03/E02-2024-7.xls,2024,11,import,"Auxiliary materials for textile, garment, leather, footwear",textile_garment_leather_footwear_materials_auxiliaries,620366287.9999993,620366.2879999992,1000 USD
https://www.nso.gov.vn/en/data-and-statistics/2024/03/exports-and-imports-value-by-months-of-2024/,https://www.nso.gov.vn/wp-content/uploads/2024/03/E01-2024-7.xls,2024,12,export,"Fibres, not spun",fibres_not_spun,385127229.0,385127.229,1000 USD
https://www.nso.gov.vn/en/data-and-statistics/2024/03/exports-and-imports-value-by-months-of-2024/,https://www.nso.gov.vn/wp-content/uploads/2024/03/E01-2024-7.xls,2024,12,export,"Fibres, not spun",fibres_not_spun,4407369868.0,4407369.868,1000 USD
https://www.nso.gov.vn/en/data-and-statistics/2024/03/exports-and-imports-value-by-months-of-2024/,https://www.nso.gov.vn/wp-content/uploads/2024/03/E01-2024-7.xls,2024,12,export,Pieces of cloth and other technical cloths,technical_cloths,56210017.0,56210.017,1000 USD
https://www.nso.gov.vn/en/data-and-statistics/2024/03/exports-and-imports-value-by-months-of-2024/,https://www.nso.gov.vn/wp-content/uploads/2024/03/E01-2024-7.xls,2024,12,export,Pieces of cloth and other technical cloths,technical_cloths,771244048.0,771244.048,1000 USD
https://www.nso.gov.vn/en/data-and-statistics/2024/03/exports-and-imports-value-by-months-of-2024/,https://www.nso.gov.vn/wp-content/uploads/2024/03/E01-2024-7.xls,2024,12,export,"Auxiliary materials for textile, garment, leather, footwear",textile_garment_leather_footwear_materials_auxiliaries,193774822.0,193774.822,1000 USD
https://www.nso.gov.vn/en/data-and-statistics/2024/03/exports-and-imports-value-by-months-of-2024/,https://www.nso.gov.vn/wp-content/uploads/2024/03/E01-2024-7.xls,2024,12,export,"Auxiliary materials for textile, garment, leather, footwear",textile_garment_leather_footwear_materials_auxiliaries,2229349331.0,2229349.331,1000 USD
https://www.nso.gov.vn/en/data-and-statistics/2024/03/exports-and-imports-value-by-months-of-2024/,https://www.nso.gov.vn/wp-content/uploads/2024/03/E01-2024-7.xls,2024,12,export,"Textile, sewing products",textiles_and_garments_or_sewing_products,3373148313.0,3373148.313,1000 USD
https://www.nso.gov.vn/en/data-and-statistics/2024/03/exports-and-imports-value-by-months-of-2024/,https://www.nso.gov.vn/wp-content/uploads/2024/03/E01-2024-7.xls,2024,12,export,"Textile, sewing products",textiles_and_garments_or_sewing_products,37036851951.0,37036851.951,1000 USD
https://www.nso.gov.vn/en/data-and-statistics/2024/03/exports-and-imports-value-by-months-of-2024/,https://www.nso.gov.vn/wp-content/uploads/2024/03/E02-2024-7.xls,2024,12,import,Cotton,cotton,233376725.0,233376.725,1000 USD
https://www.nso.gov.vn/en/data-and-statistics/2024/03/exports-and-imports-value-by-months-of-2024/,https://www.nso.gov.vn/wp-content/uploads/2024/03/E02-2024-7.xls,2024,12,import,Cotton,cotton,2884358855.0,2884358.855,1000 USD
https://www.nso.gov.vn/en/data-and-statistics/2024/03/exports-and-imports-value-by-months-of-2024/,https://www.nso.gov.vn/wp-content/uploads/2024/03/E02-2024-7.xls,2024,12,import,Textile fibrics,fabrics,1330217118.0,1330217.118,1000 USD
https://www.nso.gov.vn/en/data-and-statistics/2024/03/exports-and-imports-value-by-months-of-2024/,https://www.nso.gov.vn/wp-content/uploads/2024/03/E02-2024-7.xls,2024,12,import,Textile fibrics,fabrics,14905285657.0,14905285.657,1000 USD
https://www.nso.gov.vn/en/data-and-statistics/2024/03/exports-and-imports-value-by-months-of-2024/,https://www.nso.gov.vn/wp-content/uploads/2024/03/E02-2024-7.xls,2024,12,import,"Fibres, not spun",fibres_not_spun,238312729.0,238312.729,1000 USD
https://www.nso.gov.vn/en/data-and-statistics/2024/03/exports-and-imports-value-by-months-of-2024/,https://www.nso.gov.vn/wp-content/uploads/2024/03/E02-2024-7.xls,2024,12,import,"Fibres, not spun",fibres_not_spun,2713184660.0,2713184.66,1000 USD
https://www.nso.gov.vn/en/data-and-statistics/2024/03/exports-and-imports-value-by-months-of-2024/,https://www.nso.gov.vn/wp-content/uploads/2024/03/E02-2024-7.xls,2024,12,import,"Auxiliary materials for textile, garment, leather, footwear",textile_garment_leather_footwear_materials_auxiliaries,643601847.0,643601.847,1000 USD
https://www.nso.gov.vn/en/data-and-statistics/2024/03/exports-and-imports-value-by-months-of-2024/,https://www.nso.gov.vn/wp-content/uploads/2024/03/E02-2024-7.xls,2024,12,import,"Auxiliary materials for textile, garment, leather, footwear",textile_garment_leather_footwear_materials_auxiliaries,7149363477.0,7149363.477,1000 USD
https://www.nso.gov.vn/en/data-and-statistics/2025/03/exports-and-imports-value-by-months-of-2025/,https://www.nso.gov.vn/wp-content/uploads/2025/03/E01-2025-10.xls,2025,1,export,"Fibres, not spun",fibres_not_spun,301099955.0,301099.955,1000 USD
https://www.nso.gov.vn/en/data-and-statistics/2025/03/exports-and-imports-value-by-months-of-2025/,https://www.nso.gov.vn/wp-content/uploads/2025/03/E01-2025-10.xls,2025,1,export,Pieces of cloth and other technical cloths,technical_cloths,60615864.99999999,60615.86499999999,1000 USD
https://www.nso.gov.vn/en/data-and-statistics/2025/03/exports-and-imports-value-by-months-of-2025/,https://www.nso.gov.vn/wp-content/uploads/2025/03/E01-2025-10.xls,2025,1,export,"Auxiliary materials for textile, garment, leather, footwear",textile_garment_leather_footwear_materials_auxiliaries,188903657.00000003,188903.65700000004,1000 USD
https://www.nso.gov.vn/en/data-and-statistics/2025/03/exports-and-imports-value-by-months-of-2025/,https://www.nso.gov.vn/wp-content/uploads/2025/03/E01-2025-10.xls,2025,1,export,"Textile, sewing products",textiles_and_garments_or_sewing_products,3193659597.0,3193659.597,1000 USD
https://www.nso.gov.vn/en/data-and-statistics/2025/03/exports-and-imports-value-by-months-of-2025/,https://www.nso.gov.vn/wp-content/uploads/2025/03/E02-2025-10.xls,2025,1,import,Cotton,cotton,225833221.0,225833.221,1000 USD
https://www.nso.gov.vn/en/data-and-statistics/2025/03/exports-and-imports-value-by-months-of-2025/,https://www.nso.gov.vn/wp-content/uploads/2025/03/E02-2025-10.xls,2025,1,import,Textile fibrics,fabrics,1080732549.0,1080732.549,1000 USD
https://www.nso.gov.vn/en/data-and-statistics/2025/03/exports-and-imports-value-by-months-of-2025/,https://www.nso.gov.vn/wp-content/uploads/2025/03/E02-2025-10.xls,2025,1,import,"Fibres, not spun",fibres_not_spun,193458618.0,193458.618,1000 USD
https://www.nso.gov.vn/en/data-and-statistics/2025/03/exports-and-imports-value-by-months-of-2025/,https://www.nso.gov.vn/wp-content/uploads/2025/03/E02-2025-10.xls,2025,1,import,"Auxiliary materials for textile, garment, leather, footwear",textile_garment_leather_footwear_materials_auxiliaries,490888891.0,490888.891,1000 USD
https://www.nso.gov.vn/en/data-and-statistics/2025/03/exports-and-imports-value-by-months-of-2025/,https://www.nso.gov.vn/wp-content/uploads/2025/03/E01-2025-10.xls,2025,2,export,"Fibres, not spun",fibres_not_spun,347011063.0,347011.063,1000 USD
https://www.nso.gov.vn/en/data-and-statistics/2025/03/exports-and-imports-value-by-months-of-2025/,https://www.nso.gov.vn/wp-content/uploads/2025/03/E01-2025-10.xls,2025,2,export,Pieces of cloth and other technical cloths,technical_cloths,60588285.000000015,60588.28500000002,1000 USD
https://www.nso.gov.vn/en/data-and-statistics/2025/03/exports-and-imports-value-by-months-of-2025/,https://www.nso.gov.vn/wp-content/uploads/2025/03/E01-2025-10.xls,2025,2,export,"Auxiliary materials for textile, garment, leather, footwear",textile_garment_leather_footwear_materials_auxiliaries,161068966.0,161068.966,1000 USD
https://www.nso.gov.vn/en/data-and-statistics/2025/03/exports-and-imports-value-by-months-of-2025/,https://www.nso.gov.vn/wp-content/uploads/2025/03/E01-2025-10.xls,2025,2,export,"Textile, sewing products",textiles_and_garments_or_sewing_products,2440498942.0,2440498.942,1000 USD
https://www.nso.gov.vn/en/data-and-statistics/2025/03/exports-and-imports-value-by-months-of-2025/,https://www.nso.gov.vn/wp-content/uploads/2025/03/E02-2025-10.xls,2025,2,import,Cotton,cotton,301120223.0,301120.223,1000 USD
https://www.nso.gov.vn/en/data-and-statistics/2025/03/exports-and-imports-value-by-months-of-2025/,https://www.nso.gov.vn/wp-content/uploads/2025/03/E02-2025-10.xls,2025,2,import,Textile fibrics,fabrics,1030276529.9999998,1030276.5299999998,1000 USD
https://www.nso.gov.vn/en/data-and-statistics/2025/03/exports-and-imports-value-by-months-of-2025/,https://www.nso.gov.vn/wp-content/uploads/2025/03/E02-2025-10.xls,2025,2,import,"Fibres, not spun",fibres_not_spun,212642834.0,212642.834,1000 USD
https://www.nso.gov.vn/en/data-and-statistics/2025/03/exports-and-imports-value-by-months-of-2025/,https://www.nso.gov.vn/wp-content/uploads/2025/03/E02-2025-10.xls,2025,2,import,"Auxiliary materials for textile, garment, leather, footwear",textile_garment_leather_footwear_materials_auxiliaries,529205682.0,529205.682,1000 USD
https://www.nso.gov.vn/en/data-and-statistics/2025/03/exports-and-imports-value-by-months-of-2025/,https://www.nso.gov.vn/wp-content/uploads/2025/03/E01-2025-10.xls,2025,3,export,"Fibres, not spun",fibres_not_spun,384670991.99999994,384670.9919999999,1000 USD
https://www.nso.gov.vn/en/data-and-statistics/2025/03/exports-and-imports-value-by-months-of-2025/,https://www.nso.gov.vn/wp-content/uploads/2025/03/E01-2025-10.xls,2025,3,export,Pieces of cloth and other technical cloths,technical_cloths,69796641.00000001,69796.64100000002,1000 USD
https://www.nso.gov.vn/en/data-and-statistics/2025/03/exports-and-imports-value-by-months-of-2025/,https://www.nso.gov.vn/wp-content/uploads/2025/03/E01-2025-10.xls,2025,3,export,"Auxiliary materials for textile, garment, leather, footwear",textile_garment_leather_footwear_materials_auxiliaries,208727355.99999988,208727.35599999988,1000 USD
https://www.nso.gov.vn/en/data-and-statistics/2025/03/exports-and-imports-value-by-months-of-2025/,https://www.nso.gov.vn/wp-content/uploads/2025/03/E01-2025-10.xls,2025,3,export,"Textile, sewing products",textiles_and_garments_or_sewing_products,3062811115.9999995,3062811.1159999995,1000 USD
https://www.nso.gov.vn/en/data-and-statistics/2025/03/exports-and-imports-value-by-months-of-2025/,https://www.nso.gov.vn/wp-content/uploads/2025/03/E02-2025-10.xls,2025,3,import,Cotton,cotton,260344149.0,260344.149,1000 USD
https://www.nso.gov.vn/en/data-and-statistics/2025/03/exports-and-imports-value-by-months-of-2025/,https://www.nso.gov.vn/wp-content/uploads/2025/03/E02-2025-10.xls,2025,3,import,Textile fibrics,fabrics,1340132892.9999998,1340132.8929999997,1000 USD
https://www.nso.gov.vn/en/data-and-statistics/2025/03/exports-and-imports-value-by-months-of-2025/,https://www.nso.gov.vn/wp-content/uploads/2025/03/E02-2025-10.xls,2025,3,import,"Fibres, not spun",fibres_not_spun,244753455.0,244753.455,1000 USD
https://www.nso.gov.vn/en/data-and-statistics/2025/03/exports-and-imports-value-by-months-of-2025/,https://www.nso.gov.vn/wp-content/uploads/2025/03/E02-2025-10.xls,2025,3,import,"Auxiliary materials for textile, garment, leather, footwear",textile_garment_leather_footwear_materials_auxiliaries,676893740.0,676893.74,1000 USD
https://www.nso.gov.vn/en/data-and-statistics/2025/03/exports-and-imports-value-by-months-of-2025/,https://www.nso.gov.vn/wp-content/uploads/2025/03/E01-2025-10.xls,2025,4,export,"Fibres, not spun",fibres_not_spun,361092876.00000024,361092.8760000002,1000 USD
https://www.nso.gov.vn/en/data-and-statistics/2025/03/exports-and-imports-value-by-months-of-2025/,https://www.nso.gov.vn/wp-content/uploads/2025/03/E01-2025-10.xls,2025,4,export,Pieces of cloth and other technical cloths,technical_cloths,64656133.99999998,64656.13399999998,1000 USD
https://www.nso.gov.vn/en/data-and-statistics/2025/03/exports-and-imports-value-by-months-of-2025/,https://www.nso.gov.vn/wp-content/uploads/2025/03/E01-2025-10.xls,2025,4,export,"Auxiliary materials for textile, garment, leather, footwear",textile_garment_leather_footwear_materials_auxiliaries,208483612.00000006,208483.61200000005,1000 USD
https://www.nso.gov.vn/en/data-and-statistics/2025/03/exports-and-imports-value-by-months-of-2025/,https://www.nso.gov.vn/wp-content/uploads/2025/03/E01-2025-10.xls,2025,4,export,"Textile, sewing products",textiles_and_garments_or_sewing_products,3075163781.9999986,3075163.7819999987,1000 USD
https://www.nso.gov.vn/en/data-and-statistics/2025/03/exports-and-imports-value-by-months-of-2025/,https://www.nso.gov.vn/wp-content/uploads/2025/03/E02-2025-10.xls,2025,4,import,Cotton,cotton,290536547.0000001,290536.54700000014,1000 USD
https://www.nso.gov.vn/en/data-and-statistics/2025/03/exports-and-imports-value-by-months-of-2025/,https://www.nso.gov.vn/wp-content/uploads/2025/03/E02-2025-10.xls,2025,4,import,Textile fibrics,fabrics,1419051373.000001,1419051.373000001,1000 USD
https://www.nso.gov.vn/en/data-and-statistics/2025/03/exports-and-imports-value-by-months-of-2025/,https://www.nso.gov.vn/wp-content/uploads/2025/03/E02-2025-10.xls,2025,4,import,"Fibres, not spun",fibres_not_spun,250504022.00000015,250504.02200000014,1000 USD
https://www.nso.gov.vn/en/data-and-statistics/2025/03/exports-and-imports-value-by-months-of-2025/,https://www.nso.gov.vn/wp-content/uploads/2025/03/E02-2025-10.xls,2025,4,import,"Auxiliary materials for textile, garment, leather, footwear",textile_garment_leather_footwear_materials_auxiliaries,648752986.0,648752.986,1000 USD
https://www.nso.gov.vn/en/data-and-statistics/2025/03/exports-and-imports-value-by-months-of-2025/,https://www.nso.gov.vn/wp-content/uploads/2025/03/E01-2025-10.xls,2025,5,export,"Fibres, not spun",fibres_not_spun,341416301.9999998,341416.30199999985,1000 USD
https://www.nso.gov.vn/en/data-and-statistics/2025/03/exports-and-imports-value-by-months-of-2025/,https://www.nso.gov.vn/wp-content/uploads/2025/03/E01-2025-10.xls,2025,5,export,Pieces of cloth and other technical cloths,technical_cloths,70826917.99999999,70826.91799999999,1000 USD
https://www.nso.gov.vn/en/data-and-statistics/2025/03/exports-and-imports-value-by-months-of-2025/,https://www.nso.gov.vn/wp-content/uploads/2025/03/E01-2025-10.xls,2025,5,export,"Auxiliary materials for textile, garment, leather, footwear",textile_garment_leather_footwear_materials_auxiliaries,204757653.0000001,204757.65300000008,1000 USD
https://www.nso.gov.vn/en/data-and-statistics/2025/03/exports-and-imports-value-by-months-of-2025/,https://www.nso.gov.vn/wp-content/uploads/2025/03/E01-2025-10.xls,2025,5,export,"Textile, sewing products",textiles_and_garments_or_sewing_products,3299562349.0000052,3299562.349000005,1000 USD
https://www.nso.gov.vn/en/data-and-statistics/2025/03/exports-and-imports-value-by-months-of-2025/,https://www.nso.gov.vn/wp-content/uploads/2025/03/E02-2025-10.xls,2025,5,import,Cotton,cotton,276000336.0,276000.336,1000 USD
https://www.nso.gov.vn/en/data-and-statistics/2025/03/exports-and-imports-value-by-months-of-2025/,https://www.nso.gov.vn/wp-content/uploads/2025/03/E02-2025-10.xls,2025,5,import,Textile fibrics,fabrics,1451366423.0,1451366.423,1000 USD
https://www.nso.gov.vn/en/data-and-statistics/2025/03/exports-and-imports-value-by-months-of-2025/,https://www.nso.gov.vn/wp-content/uploads/2025/03/E02-2025-10.xls,2025,5,import,"Fibres, not spun",fibres_not_spun,251867576.99999973,251867.57699999973,1000 USD
https://www.nso.gov.vn/en/data-and-statistics/2025/03/exports-and-imports-value-by-months-of-2025/,https://www.nso.gov.vn/wp-content/uploads/2025/03/E02-2025-10.xls,2025,5,import,"Auxiliary materials for textile, garment, leather, footwear",textile_garment_leather_footwear_materials_auxiliaries,638900776.9999998,638900.7769999998,1000 USD
https://www.nso.gov.vn/en/data-and-statistics/2025/03/exports-and-imports-value-by-months-of-2025/,https://www.nso.gov.vn/wp-content/uploads/2025/03/E01-2025-10.xls,2025,6,export,"Fibres, not spun",fibres_not_spun,345007690.0,345007.69,1000 USD
https://www.nso.gov.vn/en/data-and-statistics/2025/03/exports-and-imports-value-by-months-of-2025/,https://www.nso.gov.vn/wp-content/uploads/2025/03/E01-2025-10.xls,2025,6,export,Pieces of cloth and other technical cloths,technical_cloths,54467868.00000003,54467.86800000003,1000 USD
https://www.nso.gov.vn/en/data-and-statistics/2025/03/exports-and-imports-value-by-months-of-2025/,https://www.nso.gov.vn/wp-content/uploads/2025/03/E01-2025-10.xls,2025,6,export,"Auxiliary materials for textile, garment, leather, footwear",textile_garment_leather_footwear_materials_auxiliaries,193451074.99999982,193451.0749999998,1000 USD
https://www.nso.gov.vn/en/data-and-statistics/2025/03/exports-and-imports-value-by-months-of-2025/,https://www.nso.gov.vn/wp-content/uploads/2025/03/E01-2025-10.xls,2025,6,export,"Textile, sewing products",textiles_and_garments_or_sewing_products,3606467583.999996,3606467.583999996,1000 USD
https://www.nso.gov.vn/en/data-and-statistics/2025/03/exports-and-imports-value-by-months-of-2025/,https://www.nso.gov.vn/wp-content/uploads/2025/03/E02-2025-10.xls,2025,6,import,Cotton,cotton,268466127.9999999,268466.1279999999,1000 USD
https://www.nso.gov.vn/en/data-and-statistics/2025/03/exports-and-imports-value-by-months-of-2025/,https://www.nso.gov.vn/wp-content/uploads/2025/03/E02-2025-10.xls,2025,6,import,Textile fibrics,fabrics,1220035415.9999988,1220035.4159999988,1000 USD
https://www.nso.gov.vn/en/data-and-statistics/2025/03/exports-and-imports-value-by-months-of-2025/,https://www.nso.gov.vn/wp-content/uploads/2025/03/E02-2025-10.xls,2025,6,import,"Fibres, not spun",fibres_not_spun,241815793.9999999,241815.7939999999,1000 USD
https://www.nso.gov.vn/en/data-and-statistics/2025/03/exports-and-imports-value-by-months-of-2025/,https://www.nso.gov.vn/wp-content/uploads/2025/03/E02-2025-10.xls,2025,6,import,"Auxiliary materials for textile, garment, leather, footwear",textile_garment_leather_footwear_materials_auxiliaries,591586296.0000001,591586.2960000001,1000 USD
https://www.nso.gov.vn/en/data-and-statistics/2025/03/exports-and-imports-value-by-months-of-2025/,https://www.nso.gov.vn/wp-content/uploads/2025/03/E01-2025-10.xls,2025,7,export,"Fibres, not spun",fibres_not_spun,371403955.0000001,371403.95500000013,1000 USD
https://www.nso.gov.vn/en/data-and-statistics/2025/03/exports-and-imports-value-by-months-of-2025/,https://www.nso.gov.vn/wp-content/uploads/2025/03/E01-2025-10.xls,2025,7,export,Pieces of cloth and other technical cloths,technical_cloths,60779550.0,60779.55,1000 USD
https://www.nso.gov.vn/en/data-and-statistics/2025/03/exports-and-imports-value-by-months-of-2025/,https://www.nso.gov.vn/wp-content/uploads/2025/03/E01-2025-10.xls,2025,7,export,"Auxiliary materials for textile, garment, leather, footwear",textile_garment_leather_footwear_materials_auxiliaries,217217162.0000001,217217.1620000001,1000 USD
https://www.nso.gov.vn/en/data-and-statistics/2025/03/exports-and-imports-value-by-months-of-2025/,https://www.nso.gov.vn/wp-content/uploads/2025/03/E01-2025-10.xls,2025,7,export,"Textile, sewing products",textiles_and_garments_or_sewing_products,3932612834.999998,3932612.834999998,1000 USD
https://www.nso.gov.vn/en/data-and-statistics/2025/03/exports-and-imports-value-by-months-of-2025/,https://www.nso.gov.vn/wp-content/uploads/2025/03/E02-2025-10.xls,2025,7,import,Cotton,cotton,243305341.99999973,243305.34199999974,1000 USD
https://www.nso.gov.vn/en/data-and-statistics/2025/03/exports-and-imports-value-by-months-of-2025/,https://www.nso.gov.vn/wp-content/uploads/2025/03/E02-2025-10.xls,2025,7,import,Textile fibrics,fabrics,1212197809.0,1212197.809,1000 USD
https://www.nso.gov.vn/en/data-and-statistics/2025/03/exports-and-imports-value-by-months-of-2025/,https://www.nso.gov.vn/wp-content/uploads/2025/03/E02-2025-10.xls,2025,7,import,"Fibres, not spun",fibres_not_spun,241523624.0000002,241523.6240000002,1000 USD
https://www.nso.gov.vn/en/data-and-statistics/2025/03/exports-and-imports-value-by-months-of-2025/,https://www.nso.gov.vn/wp-content/uploads/2025/03/E02-2025-10.xls,2025,7,import,"Auxiliary materials for textile, garment, leather, footwear",textile_garment_leather_footwear_materials_auxiliaries,586358710.0000005,586358.7100000004,1000 USD
https://www.nso.gov.vn/en/data-and-statistics/2025/03/exports-and-imports-value-by-months-of-2025/,https://www.nso.gov.vn/wp-content/uploads/2025/03/E01-2025-10.xls,2025,8,export,"Fibres, not spun",fibres_not_spun,380370899.99999994,380370.89999999997,1000 USD
https://www.nso.gov.vn/en/data-and-statistics/2025/03/exports-and-imports-value-by-months-of-2025/,https://www.nso.gov.vn/wp-content/uploads/2025/03/E01-2025-10.xls,2025,8,export,Pieces of cloth and other technical cloths,technical_cloths,61433367.000000045,61433.36700000004,1000 USD
https://www.nso.gov.vn/en/data-and-statistics/2025/03/exports-and-imports-value-by-months-of-2025/,https://www.nso.gov.vn/wp-content/uploads/2025/03/E01-2025-10.xls,2025,8,export,"Auxiliary materials for textile, garment, leather, footwear",textile_garment_leather_footwear_materials_auxiliaries,218590713.0000003,218590.7130000003,1000 USD
https://www.nso.gov.vn/en/data-and-statistics/2025/03/exports-and-imports-value-by-months-of-2025/,https://www.nso.gov.vn/wp-content/uploads/2025/03/E01-2025-10.xls,2025,8,export,"Textile, sewing products",textiles_and_garments_or_sewing_products,3872959636.000001,3872959.636000001,1000 USD
https://www.nso.gov.vn/en/data-and-statistics/2025/03/exports-and-imports-value-by-months-of-2025/,https://www.nso.gov.vn/wp-content/uploads/2025/03/E02-2025-10.xls,2025,8,import,Cotton,cotton,227449848.99999997,227449.84899999996,1000 USD
https://www.nso.gov.vn/en/data-and-statistics/2025/03/exports-and-imports-value-by-months-of-2025/,https://www.nso.gov.vn/wp-content/uploads/2025/03/E02-2025-10.xls,2025,8,import,Textile fibrics,fabrics,1166094710.9999988,1166094.7109999987,1000 USD
https://www.nso.gov.vn/en/data-and-statistics/2025/03/exports-and-imports-value-by-months-of-2025/,https://www.nso.gov.vn/wp-content/uploads/2025/03/E02-2025-10.xls,2025,8,import,"Fibres, not spun",fibres_not_spun,240291097.99999967,240291.09799999968,1000 USD
https://www.nso.gov.vn/en/data-and-statistics/2025/03/exports-and-imports-value-by-months-of-2025/,https://www.nso.gov.vn/wp-content/uploads/2025/03/E02-2025-10.xls,2025,8,import,"Auxiliary materials for textile, garment, leather, footwear",textile_garment_leather_footwear_materials_auxiliaries,583716740.9999994,583716.7409999995,1000 USD
https://www.nso.gov.vn/en/data-and-statistics/2025/03/exports-and-imports-value-by-months-of-2025/,https://www.nso.gov.vn/wp-content/uploads/2025/03/E01-2025-10.xls,2025,9,export,"Fibres, not spun",fibres_not_spun,355847873.9999999,355847.8739999999,1000 USD
https://www.nso.gov.vn/en/data-and-statistics/2025/03/exports-and-imports-value-by-months-of-2025/,https://www.nso.gov.vn/wp-content/uploads/2025/03/E01-2025-10.xls,2025,9,export,Pieces of cloth and other technical cloths,technical_cloths,62818025.99999997,62818.02599999997,1000 USD
https://www.nso.gov.vn/en/data-and-statistics/2025/03/exports-and-imports-value-by-months-of-2025/,https://www.nso.gov.vn/wp-content/uploads/2025/03/E01-2025-10.xls,2025,9,export,"Auxiliary materials for textile, garment, leather, footwear",textile_garment_leather_footwear_materials_auxiliaries,200443640.9999999,200443.64099999992,1000 USD
https://www.nso.gov.vn/en/data-and-statistics/2025/03/exports-and-imports-value-by-months-of-2025/,https://www.nso.gov.vn/wp-content/uploads/2025/03/E01-2025-10.xls,2025,9,export,"Textile, sewing products",textiles_and_garments_or_sewing_products,3269348822.0000014,3269348.8220000016,1000 USD
https://www.nso.gov.vn/en/data-and-statistics/2025/03/exports-and-imports-value-by-months-of-2025/,https://www.nso.gov.vn/wp-content/uploads/2025/03/E02-2025-10.xls,2025,9,import,Cotton,cotton,166892566.00000015,166892.56600000014,1000 USD
https://www.nso.gov.vn/en/data-and-statistics/2025/03/exports-and-imports-value-by-months-of-2025/,https://www.nso.gov.vn/wp-content/uploads/2025/03/E02-2025-10.xls,2025,9,import,Textile fibrics,fabrics,1304342580.9999998,1304342.5809999998,1000 USD
https://www.nso.gov.vn/en/data-and-statistics/2025/03/exports-and-imports-value-by-months-of-2025/,https://www.nso.gov.vn/wp-content/uploads/2025/03/E02-2025-10.xls,2025,9,import,"Fibres, not spun",fibres_not_spun,234445055.9999998,234445.05599999978,1000 USD
https://www.nso.gov.vn/en/data-and-statistics/2025/03/exports-and-imports-value-by-months-of-2025/,https://www.nso.gov.vn/wp-content/uploads/2025/03/E02-2025-10.xls,2025,9,import,"Auxiliary materials for textile, garment, leather, footwear",textile_garment_leather_footwear_materials_auxiliaries,678354901.0000001,678354.9010000001,1000 USD
https://www.nso.gov.vn/en/data-and-statistics/2025/03/exports-and-imports-value-by-months-of-2025/,https://www.nso.gov.vn/wp-content/uploads/2025/03/E01-2025-10.xls,2025,10,export,"Fibres, not spun",fibres_not_spun,360272316.0000002,360272.31600000017,1000 USD
https://www.nso.gov.vn/en/data-and-statistics/2025/03/exports-and-imports-value-by-months-of-2025/,https://www.nso.gov.vn/wp-content/uploads/2025/03/E01-2025-10.xls,2025,10,export,Pieces of cloth and other technical cloths,technical_cloths,58383874.00000008,58383.87400000008,1000 USD
https://www.nso.gov.vn/en/data-and-statistics/2025/03/exports-and-imports-value-by-months-of-2025/,https://www.nso.gov.vn/wp-content/uploads/2025/03/E01-2025-10.xls,2025,10,export,"Auxiliary materials for textile, garment, leather, footwear",textile_garment_leather_footwear_materials_auxiliaries,203876929.00000033,203876.92900000032,1000 USD
https://www.nso.gov.vn/en/data-and-statistics/2025/03/exports-and-imports-value-by-months-of-2025/,https://www.nso.gov.vn/wp-content/uploads/2025/03/E01-2025-10.xls,2025,10,export,"Textile, sewing products",textiles_and_garments_or_sewing_products,3186845524.000005,3186845.524000005,1000 USD
https://www.nso.gov.vn/en/data-and-statistics/2025/03/exports-and-imports-value-by-months-of-2025/,https://www.nso.gov.vn/wp-content/uploads/2025/03/E02-2025-10.xls,2025,10,import,Cotton,cotton,188237237.9999999,188237.23799999992,1000 USD
https://www.nso.gov.vn/en/data-and-statistics/2025/03/exports-and-imports-value-by-months-of-2025/,https://www.nso.gov.vn/wp-content/uploads/2025/03/E02-2025-10.xls,2025,10,import,Textile fibrics,fabrics,1282031481.0000002,1282031.4810000001,1000 USD
https://www.nso.gov.vn/en/data-and-statistics/2025/03/exports-and-imports-value-by-months-of-2025/,https://www.nso.gov.vn/wp-content/uploads/2025/03/E02-2025-10.xls,2025,10,import,"Fibres, not spun",fibres_not_spun,241325700.0000001,241325.7000000001,1000 USD
https://www.nso.gov.vn/en/data-and-statistics/2025/03/exports-and-imports-value-by-months-of-2025/,https://www.nso.gov.vn/wp-content/uploads/2025/03/E02-2025-10.xls,2025,10,import,"Auxiliary materials for textile, garment, leather, footwear",textile_garment_leather_footwear_materials_auxiliaries,631822914.0000004,631822.9140000003,1000 USD
https://www.nso.gov.vn/en/data-and-statistics/2025/03/exports-and-imports-value-by-months-of-2025/,https://www.nso.gov.vn/wp-content/uploads/2025/03/E01-2025-10.xls,2025,11,export,"Fibres, not spun",fibres_not_spun,355185771.00000024,355185.77100000024,1000 USD
https://www.nso.gov.vn/en/data-and-statistics/2025/03/exports-and-imports-value-by-months-of-2025/,https://www.nso.gov.vn/wp-content/uploads/2025/03/E01-2025-10.xls,2025,11,export,Pieces of cloth and other technical cloths,technical_cloths,59260770.99999996,59260.770999999964,1000 USD
https://www.nso.gov.vn/en/data-and-statistics/2025/03/exports-and-imports-value-by-months-of-2025/,https://www.nso.gov.vn/wp-content/uploads/2025/03/E01-2025-10.xls,2025,11,export,"Auxiliary materials for textile, garment, leather, footwear",textile_garment_leather_footwear_materials_auxiliaries,190278262.99999964,190278.26299999966,1000 USD
https://www.nso.gov.vn/en/data-and-statistics/2025/03/exports-and-imports-value-by-months-of-2025/,https://www.nso.gov.vn/wp-content/uploads/2025/03/E01-2025-10.xls,2025,11,export,"Textile, sewing products",textiles_and_garments_or_sewing_products,3047016267.9999967,3047016.2679999964,1000 USD
https://www.nso.gov.vn/en/data-and-statistics/2025/03/exports-and-imports-value-by-months-of-2025/,https://www.nso.gov.vn/wp-content/uploads/2025/03/E02-2025-10.xls,2025,11,import,Cotton,cotton,173668450.0000002,173668.45000000022,1000 USD
https://www.nso.gov.vn/en/data-and-statistics/2025/03/exports-and-imports-value-by-months-of-2025/,https://www.nso.gov.vn/wp-content/uploads/2025/03/E02-2025-10.xls,2025,11,import,Textile fibrics,fabrics,1284306283.9999976,1284306.2839999977,1000 USD
https://www.nso.gov.vn/en/data-and-statistics/2025/03/exports-and-imports-value-by-months-of-2025/,https://www.nso.gov.vn/wp-content/uploads/2025/03/E02-2025-10.xls,2025,11,import,"Fibres, not spun",fibres_not_spun,239881490.99999982,239881.49099999983,1000 USD
https://www.nso.gov.vn/en/data-and-statistics/2025/03/exports-and-imports-value-by-months-of-2025/,https://www.nso.gov.vn/wp-content/uploads/2025/03/E02-2025-10.xls,2025,11,import,"Auxiliary materials for textile, garment, leather, footwear",textile_garment_leather_footwear_materials_auxiliaries,651063066.9999993,651063.0669999993,1000 USD
https://www.nso.gov.vn/en/data-and-statistics/2025/03/exports-and-imports-value-by-months-of-2025/,https://www.nso.gov.vn/wp-content/uploads/2025/03/E01-2025-10.xls,2025,12,export,"Fibres, not spun",fibres_not_spun,411098030.0,411098.03,1000 USD
https://www.nso.gov.vn/en/data-and-statistics/2025/03/exports-and-imports-value-by-months-of-2025/,https://www.nso.gov.vn/wp-content/uploads/2025/03/E01-2025-10.xls,2025,12,export,"Fibres, not spun",fibres_not_spun,4314477724.0,4314477.724,1000 USD
https://www.nso.gov.vn/en/data-and-statistics/2025/03/exports-and-imports-value-by-months-of-2025/,https://www.nso.gov.vn/wp-content/uploads/2025/03/E01-2025-10.xls,2025,12,export,Pieces of cloth and other technical cloths,technical_cloths,59997416.0,59997.416,1000 USD
https://www.nso.gov.vn/en/data-and-statistics/2025/03/exports-and-imports-value-by-months-of-2025/,https://www.nso.gov.vn/wp-content/uploads/2025/03/E01-2025-10.xls,2025,12,export,Pieces of cloth and other technical cloths,technical_cloths,743624715.0,743624.715,1000 USD
https://www.nso.gov.vn/en/data-and-statistics/2025/03/exports-and-imports-value-by-months-of-2025/,https://www.nso.gov.vn/wp-content/uploads/2025/03/E01-2025-10.xls,2025,12,export,"Auxiliary materials for textile, garment, leather, footwear",textile_garment_leather_footwear_materials_auxiliaries,236900202.0,236900.202,1000 USD
https://www.nso.gov.vn/en/data-and-statistics/2025/03/exports-and-imports-value-by-months-of-2025/,https://www.nso.gov.vn/wp-content/uploads/2025/03/E01-2025-10.xls,2025,12,export,"Auxiliary materials for textile, garment, leather, footwear",textile_garment_leather_footwear_materials_auxiliaries,2432699229.0,2432699.229,1000 USD
https://www.nso.gov.vn/en/data-and-statistics/2025/03/exports-and-imports-value-by-months-of-2025/,https://www.nso.gov.vn/wp-content/uploads/2025/03/E01-2025-10.xls,2025,12,export,"Textile, sewing products",textiles_and_garments_or_sewing_products,3654859695.0,3654859.695,1000 USD
https://www.nso.gov.vn/en/data-and-statistics/2025/03/exports-and-imports-value-by-months-of-2025/,https://www.nso.gov.vn/wp-content/uploads/2025/03/E01-2025-10.xls,2025,12,export,"Textile, sewing products",textiles_and_garments_or_sewing_products,39641806150.0,39641806.15,1000 USD
https://www.nso.gov.vn/en/data-and-statistics/2025/03/exports-and-imports-value-by-months-of-2025/,https://www.nso.gov.vn/wp-content/uploads/2025/03/E02-2025-10.xls,2025,12,import,Cotton,cotton,258143404.0,258143.404,1000 USD
https://www.nso.gov.vn/en/data-and-statistics/2025/03/exports-and-imports-value-by-months-of-2025/,https://www.nso.gov.vn/wp-content/uploads/2025/03/E02-2025-10.xls,2025,12,import,Cotton,cotton,2879997453.0,2879997.453,1000 USD
https://www.nso.gov.vn/en/data-and-statistics/2025/03/exports-and-imports-value-by-months-of-2025/,https://www.nso.gov.vn/wp-content/uploads/2025/03/E02-2025-10.xls,2025,12,import,Textile fibrics,fabrics,1408069412.0,1408069.412,1000 USD
https://www.nso.gov.vn/en/data-and-statistics/2025/03/exports-and-imports-value-by-months-of-2025/,https://www.nso.gov.vn/wp-content/uploads/2025/03/E02-2025-10.xls,2025,12,import,Textile fibrics,fabrics,15198637462.0,15198637.462,1000 USD
https://www.nso.gov.vn/en/data-and-statistics/2025/03/exports-and-imports-value-by-months-of-2025/,https://www.nso.gov.vn/wp-content/uploads/2025/03/E02-2025-10.xls,2025,12,import,"Fibres, not spun",fibres_not_spun,257040554.0,257040.554,1000 USD
https://www.nso.gov.vn/en/data-and-statistics/2025/03/exports-and-imports-value-by-months-of-2025/,https://www.nso.gov.vn/wp-content/uploads/2025/03/E02-2025-10.xls,2025,12,import,"Fibres, not spun",fibres_not_spun,2849549823.0,2849549.823,1000 USD
https://www.nso.gov.vn/en/data-and-statistics/2025/03/exports-and-imports-value-by-months-of-2025/,https://www.nso.gov.vn/wp-content/uploads/2025/03/E02-2025-10.xls,2025,12,import,"Auxiliary materials for textile, garment, leather, footwear",textile_garment_leather_footwear_materials_auxiliaries,682920727.0,682920.727,1000 USD
https://www.nso.gov.vn/en/data-and-statistics/2025/03/exports-and-imports-value-by-months-of-2025/,https://www.nso.gov.vn/wp-content/uploads/2025/03/E02-2025-10.xls,2025,12,import,"Auxiliary materials for textile, garment, leather, footwear",textile_garment_leather_footwear_materials_auxiliaries,7390465432.0,7390465.432,1000 USD
https://www.nso.gov.vn/en/data-and-statistics/2026/03/exports-and-imports-value-by-months-of-2026/,https://www.nso.gov.vn/wp-content/uploads/2026/03/E01-2026-4.xls,2026,1,export,Tyre cord fabrics and other fabrics for technical uses,technical_fabrics,64936133.00000001,64936.13300000001,1000 USD
https://www.nso.gov.vn/en/data-and-statistics/2026/03/exports-and-imports-value-by-months-of-2026/,https://www.nso.gov.vn/wp-content/uploads/2026/03/E01-2026-4.xls,2026,1,export,"Textile, leather and foot-wear materials and auxiliaries",textile_leather_footwear_materials_auxiliaries,252703081.00000003,252703.08100000003,1000 USD
https://www.nso.gov.vn/en/data-and-statistics/2026/03/exports-and-imports-value-by-months-of-2026/,https://www.nso.gov.vn/wp-content/uploads/2026/03/E01-2026-4.xls,2026,1,export,Textiles and garments,textiles_and_garments,3273737528.9999995,3273737.5289999996,1000 USD
https://www.nso.gov.vn/en/data-and-statistics/2026/03/exports-and-imports-value-by-months-of-2026/,https://www.nso.gov.vn/wp-content/uploads/2026/03/E01-2026-4.xls,2026,1,export,Yarn,yarn,382822870.0,382822.87,1000 USD
https://www.nso.gov.vn/en/data-and-statistics/2026/03/exports-and-imports-value-by-months-of-2026/,https://www.nso.gov.vn/wp-content/uploads/2026/03/E02-2026-4.xls,2026,1,import,Cotton,cotton,243316901.99999997,243316.90199999997,1000 USD
https://www.nso.gov.vn/en/data-and-statistics/2026/03/exports-and-imports-value-by-months-of-2026/,https://www.nso.gov.vn/wp-content/uploads/2026/03/E02-2026-4.xls,2026,1,import,Fabrics,fabrics,1287112222.0,1287112.222,1000 USD
https://www.nso.gov.vn/en/data-and-statistics/2026/03/exports-and-imports-value-by-months-of-2026/,https://www.nso.gov.vn/wp-content/uploads/2026/03/E02-2026-4.xls,2026,1,import,"Textile, leather and foot-wear materials and auxiliaries",textile_leather_footwear_materials_auxiliaries,641347233.0,641347.233,1000 USD
https://www.nso.gov.vn/en/data-and-statistics/2026/03/exports-and-imports-value-by-months-of-2026/,https://www.nso.gov.vn/wp-content/uploads/2026/03/E02-2026-4.xls,2026,1,import,Yarn,yarn,260928463.00000003,260928.46300000002,1000 USD
https://www.nso.gov.vn/en/data-and-statistics/2026/03/exports-and-imports-value-by-months-of-2026/,https://www.nso.gov.vn/wp-content/uploads/2026/03/E01-2026-4.xls,2026,2,export,Tyre cord fabrics and other fabrics for technical uses,technical_fabrics,53951334.999999985,53951.334999999985,1000 USD
https://www.nso.gov.vn/en/data-and-statistics/2026/03/exports-and-imports-value-by-months-of-2026/,https://www.nso.gov.vn/wp-content/uploads/2026/03/E01-2026-4.xls,2026,2,export,"Textile, leather and foot-wear materials and auxiliaries",textile_leather_footwear_materials_auxiliaries,160508293.00000003,160508.29300000003,1000 USD
https://www.nso.gov.vn/en/data-and-statistics/2026/03/exports-and-imports-value-by-months-of-2026/,https://www.nso.gov.vn/wp-content/uploads/2026/03/E01-2026-4.xls,2026,2,export,Textiles and garments,textiles_and_garments,2434179351.9999995,2434179.3519999995,1000 USD
https://www.nso.gov.vn/en/data-and-statistics/2026/03/exports-and-imports-value-by-months-of-2026/,https://www.nso.gov.vn/wp-content/uploads/2026/03/E01-2026-4.xls,2026,2,export,Yarn,yarn,256531899.0000001,256531.8990000001,1000 USD
https://www.nso.gov.vn/en/data-and-statistics/2026/03/exports-and-imports-value-by-months-of-2026/,https://www.nso.gov.vn/wp-content/uploads/2026/03/E02-2026-4.xls,2026,2,import,Cotton,cotton,162265123.00000006,162265.12300000005,1000 USD
https://www.nso.gov.vn/en/data-and-statistics/2026/03/exports-and-imports-value-by-months-of-2026/,https://www.nso.gov.vn/wp-content/uploads/2026/03/E02-2026-4.xls,2026,2,import,Fabrics,fabrics,1022483109.9999994,1022483.1099999994,1000 USD
https://www.nso.gov.vn/en/data-and-statistics/2026/03/exports-and-imports-value-by-months-of-2026/,https://www.nso.gov.vn/wp-content/uploads/2026/03/E02-2026-4.xls,2026,2,import,"Textile, leather and foot-wear materials and auxiliaries",textile_leather_footwear_materials_auxiliaries,475973032.0000001,475973.0320000001,1000 USD
https://www.nso.gov.vn/en/data-and-statistics/2026/03/exports-and-imports-value-by-months-of-2026/,https://www.nso.gov.vn/wp-content/uploads/2026/03/E02-2026-4.xls,2026,2,import,Yarn,yarn,172117637.99999988,172117.6379999999,1000 USD
https://www.nso.gov.vn/en/data-and-statistics/2026/03/exports-and-imports-value-by-months-of-2026/,https://www.nso.gov.vn/wp-content/uploads/2026/03/E01-2026-4.xls,2026,3,export,Other made up textile articles,other_made_up_textile_articles,392365967.0,392365.967,1000 USD
https://www.nso.gov.vn/en/data-and-statistics/2026/03/exports-and-imports-value-by-months-of-2026/,https://www.nso.gov.vn/wp-content/uploads/2026/03/E01-2026-4.xls,2026,3,export,Tyre cord fabrics and other fabrics for technical uses,technical_fabrics,65863073.00000001,65863.073,1000 USD
https://www.nso.gov.vn/en/data-and-statistics/2026/03/exports-and-imports-value-by-months-of-2026/,https://www.nso.gov.vn/wp-content/uploads/2026/03/E01-2026-4.xls,2026,3,export,"Textile, leather and foot-wear materials and auxiliaries",textile_leather_footwear_materials_auxiliaries,217983752.99999988,217983.75299999988,1000 USD
https://www.nso.gov.vn/en/data-and-statistics/2026/03/exports-and-imports-value-by-months-of-2026/,https://www.nso.gov.vn/wp-content/uploads/2026/03/E01-2026-4.xls,2026,3,export,Textiles and garments,textiles_and_garments,3143001942.0000014,3143001.942000001,1000 USD
https://www.nso.gov.vn/en/data-and-statistics/2026/03/exports-and-imports-value-by-months-of-2026/,https://www.nso.gov.vn/wp-content/uploads/2026/03/E01-2026-4.xls,2026,3,export,Yarn,yarn,437125039.9999998,437125.0399999998,1000 USD
https://www.nso.gov.vn/en/data-and-statistics/2026/03/exports-and-imports-value-by-months-of-2026/,https://www.nso.gov.vn/wp-content/uploads/2026/03/E02-2026-4.xls,2026,3,import,Cotton,cotton,250913661.0,250913.661,1000 USD
https://www.nso.gov.vn/en/data-and-statistics/2026/03/exports-and-imports-value-by-months-of-2026/,https://www.nso.gov.vn/wp-content/uploads/2026/03/E02-2026-4.xls,2026,3,import,Fabrics,fabrics,1081995206.0000002,1081995.2060000002,1000 USD
https://www.nso.gov.vn/en/data-and-statistics/2026/03/exports-and-imports-value-by-months-of-2026/,https://www.nso.gov.vn/wp-content/uploads/2026/03/E02-2026-4.xls,2026,3,import,"Textile, leather and foot-wear materials and auxiliaries",textile_leather_footwear_materials_auxiliaries,604823255.9999998,604823.2559999998,1000 USD
https://www.nso.gov.vn/en/data-and-statistics/2026/03/exports-and-imports-value-by-months-of-2026/,https://www.nso.gov.vn/wp-content/uploads/2026/03/E02-2026-4.xls,2026,3,import,Yarn,yarn,249707521.99999997,249707.52199999997,1000 USD
https://www.nso.gov.vn/en/data-and-statistics/2026/03/exports-and-imports-value-by-months-of-2026/,https://www.nso.gov.vn/wp-content/uploads/2026/03/E01-2026-4.xls,2026,4,export,Other made up textile articles,other_made_up_textile_articles,155079169.99999997,155079.16999999998,1000 USD
https://www.nso.gov.vn/en/data-and-statistics/2026/03/exports-and-imports-value-by-months-of-2026/,https://www.nso.gov.vn/wp-content/uploads/2026/03/E01-2026-4.xls,2026,4,export,Tyre cord fabrics and other fabrics for technical uses,technical_fabrics,70243307.0,70243.307,1000 USD
https://www.nso.gov.vn/en/data-and-statistics/2026/03/exports-and-imports-value-by-months-of-2026/,https://www.nso.gov.vn/wp-content/uploads/2026/03/E01-2026-4.xls,2026,4,export,"Textile, leather and foot-wear materials and auxiliaries",textile_leather_footwear_materials_auxiliaries,217062239.00000003,217062.23900000003,1000 USD
https://www.nso.gov.vn/en/data-and-statistics/2026/03/exports-and-imports-value-by-months-of-2026/,https://www.nso.gov.vn/wp-content/uploads/2026/03/E01-2026-4.xls,2026,4,export,Textiles and garments,textiles_and_garments,3090725587.999997,3090725.587999997,1000 USD
https://www.nso.gov.vn/en/data-and-statistics/2026/03/exports-and-imports-value-by-months-of-2026/,https://www.nso.gov.vn/wp-content/uploads/2026/03/E01-2026-4.xls,2026,4,export,Yarn,yarn,398622538.0000002,398622.5380000002,1000 USD
https://www.nso.gov.vn/en/data-and-statistics/2026/03/exports-and-imports-value-by-months-of-2026/,https://www.nso.gov.vn/wp-content/uploads/2026/03/E02-2026-4.xls,2026,4,import,Cotton,cotton,306075542.0,306075.542,1000 USD
https://www.nso.gov.vn/en/data-and-statistics/2026/03/exports-and-imports-value-by-months-of-2026/,https://www.nso.gov.vn/wp-content/uploads/2026/03/E02-2026-4.xls,2026,4,import,Fabrics,fabrics,1463646456.0000002,1463646.4560000002,1000 USD
https://www.nso.gov.vn/en/data-and-statistics/2026/03/exports-and-imports-value-by-months-of-2026/,https://www.nso.gov.vn/wp-content/uploads/2026/03/E02-2026-4.xls,2026,4,import,"Textile, leather and foot-wear materials and auxiliaries",textile_leather_footwear_materials_auxiliaries,691789532.0000004,691789.5320000004,1000 USD
https://www.nso.gov.vn/en/data-and-statistics/2026/03/exports-and-imports-value-by-months-of-2026/,https://www.nso.gov.vn/wp-content/uploads/2026/03/E02-2026-4.xls,2026,4,import,Yarn,yarn,275222036.00000006,275222.0360000001,1000 USD
https://www.nso.gov.vn/en/data-and-statistics/2026/03/exports-and-imports-value-by-months-of-2026/,https://www.nso.gov.vn/wp-content/uploads/2026/03/E01-2026-4.xls,2026,5,export,Other made up textile articles,other_made_up_textile_articles,149860708.00000003,149860.70800000004,1000 USD
https://www.nso.gov.vn/en/data-and-statistics/2026/03/exports-and-imports-value-by-months-of-2026/,https://www.nso.gov.vn/wp-content/uploads/2026/03/E01-2026-4.xls,2026,5,export,Tyre cord fabrics and other fabrics for technical uses,technical_fabrics,75277380.0,75277.38,1000 USD
https://www.nso.gov.vn/en/data-and-statistics/2026/03/exports-and-imports-value-by-months-of-2026/,https://www.nso.gov.vn/wp-content/uploads/2026/03/E01-2026-4.xls,2026,5,export,"Textile, leather and foot-wear materials and auxiliaries",textile_leather_footwear_materials_auxiliaries,215330545.0,215330.545,1000 USD
https://www.nso.gov.vn/en/data-and-statistics/2026/03/exports-and-imports-value-by-months-of-2026/,https://www.nso.gov.vn/wp-content/uploads/2026/03/E01-2026-4.xls,2026,5,export,Textiles and garments,textiles_and_garments,3216270112.000003,3216270.112000003,1000 USD
https://www.nso.gov.vn/en/data-and-statistics/2026/03/exports-and-imports-value-by-months-of-2026/,https://www.nso.gov.vn/wp-content/uploads/2026/03/E01-2026-4.xls,2026,5,export,Yarn,yarn,410859756.99999976,410859.75699999975,1000 USD
https://www.nso.gov.vn/en/data-and-statistics/2026/03/exports-and-imports-value-by-months-of-2026/,https://www.nso.gov.vn/wp-content/uploads/2026/03/E02-2026-4.xls,2026,5,import,Cotton,cotton,305901381.9999999,305901.38199999987,1000 USD
https://www.nso.gov.vn/en/data-and-statistics/2026/03/exports-and-imports-value-by-months-of-2026/,https://www.nso.gov.vn/wp-content/uploads/2026/03/E02-2026-4.xls,2026,5,import,Fabrics,fabrics,1434314462.0000002,1434314.4620000003,1000 USD
https://www.nso.gov.vn/en/data-and-statistics/2026/03/exports-and-imports-value-by-months-of-2026/,https://www.nso.gov.vn/wp-content/uploads/2026/03/E02-2026-4.xls,2026,5,import,"Textile, leather and foot-wear materials and auxiliaries",textile_leather_footwear_materials_auxiliaries,657543079.9999999,657543.0799999998,1000 USD
https://www.nso.gov.vn/en/data-and-statistics/2026/03/exports-and-imports-value-by-months-of-2026/,https://www.nso.gov.vn/wp-content/uploads/2026/03/E02-2026-4.xls,2026,5,import,Yarn,yarn,296657682.0,296657.68200000003,1000 USD
https://www.nso.gov.vn/en/data-and-statistics/2026/03/exports-and-imports-value-by-months-of-2026/,https://www.nso.gov.vn/wp-content/uploads/2026/03/E01-2026-4.xls,2026,6,export,Other made up textile articles,other_made_up_textile_articles,157588145.0,157588.145,1000 USD
https://www.nso.gov.vn/en/data-and-statistics/2026/03/exports-and-imports-value-by-months-of-2026/,https://www.nso.gov.vn/wp-content/uploads/2026/03/E01-2026-4.xls,2026,6,export,Other made up textile articles,other_made_up_textile_articles,854893990.0,854893.99,1000 USD
https://www.nso.gov.vn/en/data-and-statistics/2026/03/exports-and-imports-value-by-months-of-2026/,https://www.nso.gov.vn/wp-content/uploads/2026/03/E01-2026-4.xls,2026,6,export,Tyre cord fabrics and other fabrics for technical uses,technical_fabrics,69147838.0,69147.838,1000 USD
https://www.nso.gov.vn/en/data-and-statistics/2026/03/exports-and-imports-value-by-months-of-2026/,https://www.nso.gov.vn/wp-content/uploads/2026/03/E01-2026-4.xls,2026,6,export,Tyre cord fabrics and other fabrics for technical uses,technical_fabrics,399419066.0,399419.066,1000 USD
https://www.nso.gov.vn/en/data-and-statistics/2026/03/exports-and-imports-value-by-months-of-2026/,https://www.nso.gov.vn/wp-content/uploads/2026/03/E01-2026-4.xls,2026,6,export,"Textile, leather and foot-wear materials and auxiliaries",textile_leather_footwear_materials_auxiliaries,228627035.0,228627.035,1000 USD
https://www.nso.gov.vn/en/data-and-statistics/2026/03/exports-and-imports-value-by-months-of-2026/,https://www.nso.gov.vn/wp-content/uploads/2026/03/E01-2026-4.xls,2026,6,export,"Textile, leather and foot-wear materials and auxiliaries",textile_leather_footwear_materials_auxiliaries,1292214946.0,1292214.946,1000 USD
https://www.nso.gov.vn/en/data-and-statistics/2026/03/exports-and-imports-value-by-months-of-2026/,https://www.nso.gov.vn/wp-content/uploads/2026/03/E01-2026-4.xls,2026,6,export,Textiles and garments,textiles_and_garments,3699397358.0,3699397.358,1000 USD
https://www.nso.gov.vn/en/data-and-statistics/2026/03/exports-and-imports-value-by-months-of-2026/,https://www.nso.gov.vn/wp-content/uploads/2026/03/E01-2026-4.xls,2026,6,export,Textiles and garments,textiles_and_garments,18857311881.0,18857311.881,1000 USD
https://www.nso.gov.vn/en/data-and-statistics/2026/03/exports-and-imports-value-by-months-of-2026/,https://www.nso.gov.vn/wp-content/uploads/2026/03/E01-2026-4.xls,2026,6,export,Yarn,yarn,407814154.0,407814.154,1000 USD
https://www.nso.gov.vn/en/data-and-statistics/2026/03/exports-and-imports-value-by-months-of-2026/,https://www.nso.gov.vn/wp-content/uploads/2026/03/E01-2026-4.xls,2026,6,export,Yarn,yarn,2293776258.0,2293776.258,1000 USD
https://www.nso.gov.vn/en/data-and-statistics/2026/03/exports-and-imports-value-by-months-of-2026/,https://www.nso.gov.vn/wp-content/uploads/2026/03/E02-2026-4.xls,2026,6,import,Cotton,cotton,303488526.0,303488.526,1000 USD
https://www.nso.gov.vn/en/data-and-statistics/2026/03/exports-and-imports-value-by-months-of-2026/,https://www.nso.gov.vn/wp-content/uploads/2026/03/E02-2026-4.xls,2026,6,import,Cotton,cotton,1571961136.0,1571961.136,1000 USD
https://www.nso.gov.vn/en/data-and-statistics/2026/03/exports-and-imports-value-by-months-of-2026/,https://www.nso.gov.vn/wp-content/uploads/2026/03/E02-2026-4.xls,2026,6,import,Fabrics,fabrics,1382507813.0,1382507.813,1000 USD
https://www.nso.gov.vn/en/data-and-statistics/2026/03/exports-and-imports-value-by-months-of-2026/,https://www.nso.gov.vn/wp-content/uploads/2026/03/E02-2026-4.xls,2026,6,import,Fabrics,fabrics,7672059269.0,7672059.269,1000 USD
https://www.nso.gov.vn/en/data-and-statistics/2026/03/exports-and-imports-value-by-months-of-2026/,https://www.nso.gov.vn/wp-content/uploads/2026/03/E02-2026-4.xls,2026,6,import,"Textile, leather and foot-wear materials and auxiliaries",textile_leather_footwear_materials_auxiliaries,634939124.0,634939.124,1000 USD
https://www.nso.gov.vn/en/data-and-statistics/2026/03/exports-and-imports-value-by-months-of-2026/,https://www.nso.gov.vn/wp-content/uploads/2026/03/E02-2026-4.xls,2026,6,import,"Textile, leather and foot-wear materials and auxiliaries",textile_leather_footwear_materials_auxiliaries,3706415257.0,3706415.257,1000 USD
https://www.nso.gov.vn/en/data-and-statistics/2026/03/exports-and-imports-value-by-months-of-2026/,https://www.nso.gov.vn/wp-content/uploads/2026/03/E02-2026-4.xls,2026,6,import,Yarn,yarn,298720868.0,298720.868,1000 USD
https://www.nso.gov.vn/en/data-and-statistics/2026/03/exports-and-imports-value-by-months-of-2026/,https://www.nso.gov.vn/wp-content/uploads/2026/03/E02-2026-4.xls,2026,6,import,Yarn,yarn,1553354209.0,1553354.209,1000 USD
